CoreID,CompositeDepth,WaterContent,TOC_percent,TOC_mg_g,Sand_percent,Silt_percent,Clay_percent
Co1309,3,77.6611980160244,3.58141619407895,35.8141619407895,0.0457108261402133,0.674148592707558,0.280140581152228
Co1309,11,72.0213207366506,2.24294097540984,22.4294097540984,0.0270396186220283,0.674048635763381,0.298911745614592
Co1309,19,73.7592460033405,2.02784581761006,20.2784581761006,0.0318709972608744,0.691871082534189,0.276257920204937
Co1309,27,73.2272036124038,2.54564110091743,25.4564110091743,0.0497821477812769,0.696814285572339,0.253403566646385
Co1309,35,70.9294504016144,2.67133166229508,26.7133166229508,0.0554364283700204,0.70909970472364,0.235463866906339
Co1309,43,72.4020299437765,2.42582910299003,24.2582910299003,0.0469199959199276,0.695317541293144,0.257762462786929
Co1309,51,73.1215294861882,2.66935615407855,26.6935615407855,0.0604854538732937,0.684888959966491,0.254625586160216
Co1309,59,70.809833852318,2.355845936,23.55845936,0.0414977439194643,0.694930893036408,0.263571363044127
Co1309,67,68.3858114075626,2.11139818789809,21.1139818789809,0.0521113602873466,0.684298854953724,0.26358978475893
Co1309,75,66.7559679386653,2.0383008551532,20.383008551532,0.0434033030074208,0.719900019226931,0.236696677765648
Co1309,83,67.9682199216442,2.46617992559524,24.6617992559524,0.0406515329304352,0.702905955493882,0.256442511575683
Co1309,91,71.1782976916717,2.81250089622641,28.1250089622641,0.0495200158191799,0.681149111206007,0.269330872974813
Co1309,99,69.384676625254,2.66727636585366,26.6727636585366,0.0440766868694257,0.683153165267248,0.272770147863326
Co1309,107,72.3379404321589,2.44749696969697,24.4749696969697,0.0404980664104046,0.682695102300581,0.276806831289015
Co1309,115,72.6119473634384,2.47424588439306,24.7424588439306,0.0425080025832905,0.674595493465059,0.282896503951649
Co1309,123,72.976061840246,2.15800269306931,21.5800269306931,0.0369713242258969,0.664316060059859,0.298712615714244
Co1309,131,68.1390672634105,1.87463018867925,18.7463018867925,0.0499645435055507,0.630059737525683,0.319975718968766
Co1309,140,64.4652684813327,1.57687317073171,15.7687317073171,0.0467486293196709,0.636517956056585,0.316733414623744
Co1309,147,63.0533656761674,1.36795063315217,13.6795063315217,0.106075134301699,0.632855930452817,0.261068935245485
Co1309,155,57.89858215941,0.917365607594937,9.17365607594937,0.07873971720814,0.602476562199455,0.318783720592404
Co1309,163,57.6786860307575,0.797149102209945,7.97149102209945,0.0311832247979828,0.586256186768809,0.382560588433207
Co1309,171,55.8305524657026,0.647751076190476,6.47751076190476,0.0374226854030632,0.540706940299716,0.42187037429722
Co1309,179,55.9616003166984,0.586450975609756,5.86450975609756,0.0208733194635165,0.540713415957861,0.438413264578623
Co1309,187,53.5312662909912,0.501057580645161,5.01057580645161,0.0336973788310917,0.513522627558464,0.452779993610444
Co1309,195,49.8272571331932,0.395262277620397,3.95262277620397,0.0277796179510826,0.556706161442603,0.415514220606314
Co1309,203,40.8821732387085,0.287832315634218,2.87832315634218,0.0600636001913181,0.666281426910611,0.273654972898071
Co1309,211,46.3441750443525,0.245047547169811,2.45047547169811,0.0435110683293021,0.617008867751005,0.339480063919694
Co1309,219,60.8303814549748,0.443098220670391,4.43098220670391,0.0271680854109423,0.426844705903627,0.54598720868543
Co1309,227,50.4504707419253,0.399303309941521,3.99303309941521,0.0251393961012497,0.587350700815285,0.387509903083466
Co1309,235,34.2590789601791,0.293590182890856,2.93590182890856,0.0328926891374084,0.609410448236712,0.35769686262588
Co1309,243,33.7474782266398,0.313401356382979,3.13401356382979,0.0413712702243047,0.564997627962765,0.393631101812931
Co1309,251,32.3502763432092,0.237350644067797,2.37350644067797,0.0218764195615461,0.639677618590472,0.338445961847982
Co1309,259,48.4818875119161,0.316391947194719,3.16391947194719,0.0335219496329098,0.513415022707118,0.453063027659972
Co1309,267,49.8413642673012,0.326973042216359,3.26973042216359,0.0136676821679944,0.490996515330192,0.495335802501814
Co1309,275,50.9614728170585,0.256813746031746,2.56813746031746,0.0423054784729461,0.475711836265124,0.481982685261931
Co1309,283,50.8373062456578,0.226066420289855,2.26066420289855,0.0299589273477829,0.466208182732482,0.503832889919735
Co1309,292,52.2262334536703,0.232554016949153,2.32554016949153,0.0656269891375425,0.460273724198665,0.474099286663792
Co1309,299,52.2211468666828,0.221093307304786,2.21093307304786,0.163027808053179,0.460191455979374,0.376780735967447
Co1309,307,57.5973099160558,0.276324847701149,2.76324847701149,0.0101328176735411,0.317626621647216,0.672240560679243
Co1309,315,54.2470862470863,0.235283653846154,2.35283653846154,0.0228302145959416,0.436382718714776,0.540787066689283
Co1309,323,57.5864174911445,0.251904887459807,2.51904887459807,0.0160330472834579,0.323919454158973,0.660047498557569
Co1309,331,53.1431172440228,0.25176306162465,2.5176306162465,0.0864289482942779,0.440922708037605,0.472648343668118
Co1309,339,55.4828190402025,0.276132358695652,2.76132358695652,0.0310243170026048,0.43882913149957,0.530146551497825
Co1309,347,52.8951638292205,0.282499896174863,2.82499896174863,0.00901821253891073,0.38982317653907,0.60115861092202
Co1309,355,56.3880313464735,0.270177804281346,2.70177804281346,0.0286649094037447,0.383430482288863,0.587904608307392
Co1309,363,57.5905171342661,0.323713365853659,3.23713365853659,0.0195863623632186,0.307298476325142,0.673115161311639
Co1309,371,56.3869917897384,0.284530649717514,2.84530649717514,0.0206681262423022,0.434234337522604,0.545097536235093
Co1309,379,59.7777722538467,0.307217519125683,3.07217519125683,0.00499472110043474,0.307533069158413,0.687472209741153
Co1309,387,55.0301272037492,0.288712918421053,2.88712918421053,0.0403494318665199,0.448407482974157,0.511243085159323
Co1309,395,51.0268562401264,0.26633427607362,2.6633427607362,0.158312296836204,0.5531766596167,0.288511043547097
Co1309,403,44.2828323080372,0.247653085790885,2.47653085790885,0.0938144586931949,0.638549767336789,0.267635773970015
Co1309,425,49.7446325546203,0.205780911671924,2.05780911671924,0.0662405976932129,0.554840030847191,0.378919371459596
Co1309,449,40.9051067952207,0.176630951219512,1.76630951219512,0.149611460892007,0.571567547114487,0.278820991993506
Co1309,473,42.0991868286317,0.219923181008902,2.19923181008902,0.0999590657860774,0.564103242338374,0.335937691875548
Co1309,497,41.6198003121671,0.184065182370821,1.84065182370821,0.100494170851532,0.595331001590703,0.304174827557766
Co1309,521,47.1544916090819,0.270422085492228,2.70422085492228,0.0724529995706992,0.514905332144463,0.412641668284838
Co1309,547,44.0715004787978,0.250418028169014,2.50418028169014,0.0262711454841586,0.578353319078412,0.39537553543743
Co1309,571,48.0914319862553,0.194673342342342,1.94673342342342,0.0810816467718219,0.493740888701075,0.425177464527103
Co1309,595,47.3690779292097,0.225170147757256,2.25170147757256,0.0577863555423637,0.556675824341884,0.385537820115751
Co1309,619,45.646530204693,0.213860033057851,2.13860033057851,0.0693298236019805,0.515717131404781,0.414953044993239
Co1309,643,45.2525905126357,0.236282412568306,2.36282412568306,0.101195410356612,0.518386710355748,0.380417879287641
Co1309,667,48.7122287568445,0.24411128342246,2.4411128342246,0.0212109855784657,0.476581770042884,0.50220724437865
Co1309,691,47.2379690299148,0.282574661458333,2.82574661458333,0.0479171382899612,0.508312677790669,0.44377018391937
Co1309,715,44.5126705653021,0.223551375,2.23551375,0.051843973059012,0.535155680733105,0.413000346207882
Co1309,739,44.8858138184633,0.243833278106509,2.43833278106509,0.103534850915723,0.561629335266397,0.33483581381788
Co1309,763,44.0120268664678,0.222532382608696,2.22532382608696,0.14362679354425,0.525756866135749,0.330616340320001
Co1309,787,48.2193942981158,0.178304122641509,1.78304122641509,0.0288213725867917,0.443037739125866,0.528140888287342
Co1309,811,49.2117018481212,0.214244753048781,2.14244753048781,0.0233510418948445,0.44504940861657,0.531599549488586
Co1309,835,45.8426651735722,0.270810301075269,2.70810301075269,0.112031620069819,0.428273261300131,0.459695118630049
Co1309,859,43.3371958285052,0.216589373595506,2.16589373595506,0.0859386882521551,0.529244560534841,0.384816751213003
Co1309,883,46.0318663205957,0.214332327225131,2.14332327225131,0.0339164616119893,0.475370904611008,0.490712633777003
Co1309,907,45.9734734734735,0.234630552147239,2.34630552147239,0.0261776617927509,0.554382298830592,0.419440039376658
Co1309,931,45.7060004461298,0.198263480916031,1.98263480916031,0.0404083398108703,0.473530987691578,0.486060672497552
Co1309,955,35.7936581737028,0.175833197889182,1.75833197889182,0.165323823477167,0.610346041149478,0.224330135373355
Co1309,977,45.9020821056767,0.199767586206897,1.99767586206897,0.01317083878079,0.470037223918254,0.516791937300957
Co1309,1001,37.774893471127,0.142177602179836,1.42177602179836,0.0216089043572478,0.651098518999796,0.327292576642957
Co1309,1025,41.6122859526029,0.202559782608696,2.02559782608696,0.0198203695680246,0.617048516643704,0.363131113788272
Co1309,1049,44.9768274441529,0.192894758152174,1.92894758152174,0.065645953092429,0.449966943729902,0.484387103177669
Co1309,1073,43.0403731234514,0.211304207386364,2.11304207386364,0.029243145506889,0.551829138059914,0.418927716433196
Co1309,1097,43.5613316199113,0.189051432876712,1.89051432876712,0.0354195394915164,0.574789586468781,0.389790874039702
Co1309,1121,44.6554781045831,0.210734567656766,2.10734567656766,0.0461530983402741,0.493015994209953,0.460830907449773
Co1309,1145,39.869883963684,0.211676,2.11676,0.0257898880979939,0.57390824431446,0.400301867587546
Co1309,1169,38.1848937265573,0.29598687150838,2.9598687150838,0.013348233093901,0.534955097776113,0.451696669129987
Co1309,1193,40.5341712490181,0.227144285714286,2.27144285714286,0.165283836943111,0.470782514674374,0.363933648382515
Co1309,1201,41.3067071847189,0.293135188087774,2.93135188087774,0.0119611914044923,0.518941430560792,0.469097378034716
Co1309,1209,32.9806773932848,0.336676338983051,3.36676338983051,0.00968625045600212,0.613183370650682,0.377130378893315
Co1309,1217,27.2080429345055,0.24568442159383,2.4568442159383,0.118372492357251,0.600819951670088,0.280807555972661
Co1309,1225,37.8724954462659,0.269859578005115,2.69859578005115,0.0220087571363048,0.59723278253448,0.380758460329216
Co1309,1233,28.2513741656851,0.230954782608696,2.30954782608696,0.0350849545988605,0.641980097628749,0.322934947772391
Co1309,1241,25.1069934831242,0.272012137466307,2.72012137466307,0.0242857849923906,0.656061534439622,0.319652680567987
Co1309,1249,29.6181108057283,0.198219375,1.98219375,0.131741928032353,0.593495113582371,0.274762958385276
Co1309,1258,37.126639069975,0.23247319047619,2.3247319047619,0.0370370821369596,0.595073184839444,0.367889733023596
Co1309,1266,35.1209227935831,0.216727643044619,2.16727643044619,0.0452497141156879,0.620657947161009,0.334092338723303
Co1309,1274,30.0901120311739,0.231168148351648,2.31168148351648,5.80370586065579E-07,0.707897713688263,0.292101705941151
Co1309,1282,23.4411977783144,0.115083017751479,1.15083017751479,0.0510839565148491,0.739518106196532,0.209397937288619
Co1412,0.5,,4.74463115264798,47.4463115264798,0.0853045313703314,0.699571410221479,0.21512405840819
Co1412,4.5,,4.70428639655172,47.0428639655172,0.0636788984442123,0.695055443258022,0.241265658297766
Co1412,8.5,,3.38180108383234,33.8180108383234,0.0406319125232201,0.704407618648379,0.254960468828402
Co1412,12.5,,3.868628475,38.68628475,0.0526238649525306,0.673309809425158,0.274066325622311
Co1412,16.5,,4.68836564516129,46.8836564516129,0.0451651976970826,0.674604972389264,0.280229829913654
Co1412,20.5,,3.66595230379747,36.6595230379747,0.0298117848909068,0.661669894448357,0.308518320660736
Co1412,24.5,,4.29178693820225,42.9178693820225,0.0558572130242053,0.745235934621699,0.198906852354097
Co1412,28.5,,4.61067008746356,46.1067008746356,0.0625545938603509,0.737606157611301,0.199839248528347
Co1412,32.5,,5.6163429915493,56.163429915493,0.0765479983950271,0.683834167066994,0.239617834537979
Co1412,36.5,,3.32089922093023,33.2089922093023,0.0601012597713018,0.655035012689898,0.2848637275388
Co1412,40.5,,4.61269744897959,46.1269744897959,0.0472887288505218,0.738094278799308,0.21461699235017
Co1412,44.5,,4.18022928783383,41.8022928783383,0.0470689010776013,0.708749856439446,0.244181242482953
Co1412,48.5,,4.70352473684211,47.0352473684211,0.0426103930146384,0.755430418358855,0.201959188626507
Co1412,52.5,,4.90090785263158,49.0090785263158,0.0313105525199794,0.72762965600799,0.24105979147203
Co1412,56.5,,4.22959330275229,42.2959330275229,0.0557295052276896,0.728065974173511,0.216204520598799
Co1412,60.5,,3.58244627096774,35.8244627096774,0.0719462655784037,0.680178257502539,0.247875476919058
Co1412,64.5,,3.78980308985507,37.8980308985507,0.0499532651223749,0.706486898636814,0.243559836240813
Co1412,68.5,,2.67898114201183,26.7898114201183,0.0260288050872144,0.702436719962322,0.271534474950464
Co1412,72.5,,3.95479566767372,39.5479566767372,0.0384151860687963,0.706395944414976,0.255188869516227
Co1412,76.5,,3.64182153271028,36.4182153271028,0.0245856857093165,0.711840283460371,0.263574030830313
Co1412,80.5,,4.343438252149,43.43438252149,0.0698239858124783,0.681873207890477,0.248302806297045
Co1412,84.5,,5.71804115730337,57.1804115730337,0.0416109401385064,0.711446686551926,0.246942373309568
Co1412,88.5,,5.28148644198895,52.8148644198895,0.0264255455893346,0.709887873209551,0.263686581201114
Co1412,92.5,,5.04875774147727,50.4875774147727,0.0512451201760412,0.698177540650356,0.250577339173602
Co1412,96.5,,6.2270834375,62.270834375,0.0314314685913183,0.719882718461639,0.248685812947043
Co1412,100.5,,7.53157792,75.3157792,0.0170241831295505,0.710335947569553,0.272639869300896
Co1412,104.5,,5.77926352941176,57.7926352941176,0.0345906389340986,0.720631704146523,0.244777656919379
Co1412,108.5,,4.01291380327869,40.1291380327869,0.0525981249815239,0.732169834242192,0.215232040776283
Co1412,112.5,,3.24065991964286,32.4065991964286,0.0557019009705965,0.729339229962656,0.214958869066747
Co1412,116.5,,2.66628392112676,26.6628392112676,0.0799198885877807,0.700811902240918,0.219268209171301
Co1412,120.5,,2.89380584293194,28.9380584293194,0.195546767552414,0.644895647726072,0.159557584721515
Co1412,124.5,,1.99632297213622,19.9632297213622,0.193854046478422,0.663934508083923,0.142211445437656
Co1412,128.5,,2.27171924571429,22.7171924571429,0.146017627966715,0.704605769379937,0.149376602653349
Co1412,132.5,,2.43440593548387,24.3440593548387,0.119006206212116,0.731774556472772,0.149219237315112
Co1412,136.5,,1.94377880701754,19.4377880701754,0.160970411479638,0.698971143880989,0.140058444639373
Co1412,140.5,,1.92294528020566,19.2294528020566,0.168610367418267,0.681500520111057,0.149889112470676
Co1412,144.5,,1.97763494025157,19.7763494025157,0.124952988829925,0.718717393130035,0.156329618040041
Co1412,148.5,,2.29079619335347,22.9079619335347,0.147028173171931,0.699277561477454,0.153694265350615
Co1412,152.5,,1.74207043630573,17.4207043630573,0.143274505165583,0.716007134118323,0.140718360716093
Co1412,156.5,,1.02608745595855,10.2608745595855,0.214363730420285,0.664324699947213,0.121311569632501
Co1412,160.5,,1.37840555675676,13.7840555675676,0.128138784407886,0.703506855631628,0.168354359960486
Co1412,168.5,,1.45165833149171,14.5165833149171,0.123901708227552,0.730513016786596,0.145585274985853
Co1412,172.5,,1.24945989908257,12.4945989908257,0.162476538767301,0.70126357758833,0.136259883644368
Co1412,176.5,,1.22913010084034,12.2913010084034,0.0600052572402179,0.761735260578977,0.178259482180804
Co1412,180.5,,1.24872566666667,12.4872566666667,0.116976509950465,0.725862647665093,0.157160842384443
Co1412,184.5,,1.15873401960784,11.5873401960784,0.118397363186391,0.743324877907223,0.138277758906385
Co1412,188.5,,1.15117393877551,11.5117393877551,0.128262820762222,0.73213389558532,0.139603283652457
Co1412,192.5,,0.966939058375635,9.66939058375635,0.515543631311517,0.396309345596935,0.0881470230915474
Co1412,196.5,,1.3646923180593,13.646923180593,0.377337402091409,0.496468587814208,0.126194010094383
Co1412,200.5,,0.794921520618557,7.94921520618557,0.312960613414616,0.549857007652688,0.137182378932697
Co1412,208.5,,0.772624834951456,7.72624834951456,0.41879370013592,0.46883804271644,0.11236825714764
Co1412,212.5,,0.752863782222222,7.52863782222222,0.458033250615247,0.439830712968499,0.102136036416254
Co1412,216.5,,0.743147654494382,7.43147654494382,0.388300971135224,0.493784476643169,0.117914552221606
Co1412,220.5,,0.9764795,9.764795,0.295268936573789,0.582488332577773,0.122242730848438
Co1412,224.5,,0.97632694214876,9.76326942148761,0.188001720282201,0.66626953461298,0.145728745104819
Co1412,228.5,,0.952212371052632,9.52212371052632,0.289692477142602,0.584196982531304,0.126110540326094
Co1412,232.5,,0.831221669117647,8.31221669117647,0.318408924748781,0.561635193054891,0.119955882196328
Co1412,236.5,,0.802162809160305,8.02162809160305,0.42632052686221,0.47842472068628,0.0952547524515107
Co1412,240.5,,0.831714432748538,8.31714432748538,0.28364004123184,0.594646655650354,0.121713303117806
Co1412,244.5,,0.90448027100271,9.0448027100271,0.41218254955384,0.491258258920014,0.0965591915261449
Co1412,248.5,,0.776074543147208,7.76074543147208,0.388894709875615,0.49864257114407,0.112462718980317
Co1412,252.5,,0.852859422960725,8.52859422960725,0.423613124565253,0.469129251158671,0.107257624276076
Co1412,256.5,,0.908270652818991,9.08270652818991,0.376187901963663,0.509272971268624,0.114539126767713
Co1412,260.5,,0.90938817699115,9.0938817699115,0.559106684563444,0.369561225351381,0.0713320900851744
Co1412,264.5,,0.809534147268408,8.09534147268409,0.310895768183071,0.571972235201594,0.117131996615334
Co1412,268.5,,0.99926010723192,9.9926010723192,0.213443610796639,0.653684386397735,0.132872002805626
Co1412,272.5,,0.991822033898305,9.91822033898305,0.392274028106198,0.508606238843166,0.0991197330506364
Co1412,276.5,,1.00709986956522,10.0709986956522,0.370442832887979,0.518828733645003,0.110728433467018
Co1412,280.5,,0.968084365256125,9.68084365256125,0.265371653427654,0.619000433982924,0.115627912589422
Co1412,284.5,,0.952657321875,9.52657321875,0.31563436901468,0.569782193599605,0.114583437385717
Co1412,287.5,,1.00264392744479,10.0264392744479,0.196026051538445,0.652267283984794,0.151706664476761
Co1412,299.5,,0.4780175,4.780175,0.104196350706343,0.798271664490557,0.0975319848030989
Co1412,303.5,,0.721157365625,7.21157365625,0.230590248302662,0.645693701182641,0.123716050514697
Co1412,307.5,,0.797711411371237,7.97711411371237,0.193689073989308,0.676001086561763,0.130309839448929
Co1412,311.5,,1.00432927058824,10.0432927058824,0.293553284503444,0.608688753005207,0.0977579624913496
Co1412,315.5,,0.733672789227166,7.33672789227166,0.264574533019618,0.617487666695618,0.117937800284763
Co1412,319.5,,1.15801451612903,11.5801451612903,0.166937193396584,0.697909606989733,0.135153199613682
Co1412,323.5,,1.08733331707317,10.8733331707317,0.161922027538567,0.695147851949995,0.142930120511438
Co1412,327.5,,1.14012972067039,11.4012972067039,0.111008487970478,0.741456992580667,0.147534519448856
Co1412,331.5,,0.975151842751843,9.75151842751843,0.241253596937896,0.647965925764104,0.110780477298001
Co1412,335.5,,1.07682592419825,10.7682592419825,0.181834131836053,0.710153040174527,0.10801282798942
Co1412,339.5,,0.783537206798867,7.83537206798867,0.158890256315157,0.717308805057071,0.123800938627771
Co1412,343.5,,0.860894233830846,8.60894233830846,0.12881876524206,0.72931650132632,0.141864733431621
Co1412,347.5,,1.15124233170732,11.5124233170732,0.100924715369204,0.714932216608485,0.184143068022311
Co1412,351.5,,0.948993884931507,9.48993884931507,0.127636828741403,0.75643516777422,0.115928003484378
Co1412,355.5,,0.994008739018088,9.94008739018088,0.113210473183615,0.736927470388509,0.149862056427877
Co1412,359.5,,1.02199239524838,10.2199239524838,0.0953349525556099,0.749675546962549,0.15498950048184
Co1412,363.5,,1.30032424880383,13.0032424880383,0.119551374865042,0.722355067511463,0.158093557623496
Co1412,367.5,,1.2239711627907,12.239711627907,0.141466575583837,0.720739125488552,0.137794298927612
Co1412,371.5,,1.16171753005464,11.6171753005464,0.122425424523217,0.732285812960444,0.14528876251634
Co1412,375.5,,1.12815641902314,11.2815641902314,0.103308810151378,0.733548831338743,0.16314235850988
Co1412,379.5,,1.32186161388889,13.2186161388889,0.106953520387436,0.740075961396631,0.152970518215934
Co1412,383.5,,1.29274495738636,12.9274495738636,0.0759288875939174,0.753828123732735,0.170242988673348
Co1412,387.5,,1.27772468324607,12.7772468324607,0.138161454978393,0.719160147357521,0.142678397664086
Co1412,391.5,,1.0756726395664,10.756726395664,0.10302821949934,0.727316177230445,0.169655603270215
Co1412,395.5,,1.09049152293578,10.9049152293578,0.116833850268106,0.726998340067317,0.156167809664578
Co1412,399.5,,1.31460889361702,13.1460889361702,0.155887456736402,0.71431476988128,0.129797773382318
Co1412,403.5,,1.37552967058824,13.7552967058824,0.0528576416986534,0.747586223824347,0.199556134477
Co1412,407.5,,1.23498223837209,12.3498223837209,0.159349993405762,0.712365005553001,0.128285001041237
Co1412,411.5,,1.19365132231405,11.9365132231405,0.0952237598169052,0.740691926058384,0.16408431412471
Co1412,415.5,,1.47157066285714,14.7157066285714,0.0975691334829942,0.734801634565524,0.167629231951483
Co1412,419.5,,1.42673370392749,14.2673370392749,0.148210281162106,0.704550703528005,0.147239015309888
Co1412,423.5,,1.25361608707124,12.5361608707124,0.0987298176662989,0.735459577119111,0.16581060521459
Co1412,427.5,,1.09151203608247,10.9151203608247,0.100386005757297,0.743049503861909,0.156564490380793
Co1412,431.5,,1.09431258850575,10.9431258850575,0.0939563584345568,0.763350510817093,0.14269313074835
Co1412,435.5,,1.04454719128329,10.4454719128329,0.131851162779914,0.737163969964572,0.130984867255514
Co1412,439.5,,1.08200665841584,10.8200665841584,0.0829349515929279,0.760079964671329,0.156985083735742
Co1412,443.5,,0.865859038461539,8.65859038461539,0.117575895397858,0.738435641227304,0.143988463374839
Co1412,447.5,,0.681862821256039,6.81862821256039,0.130142562837327,0.749077086080772,0.120780351081901
Co1412,451.5,,0.795084977777778,7.95084977777778,0.0992811801302065,0.761265566526325,0.139453253343468
Co1412,455.5,,0.899191844875346,8.99191844875346,0.115450783480754,0.777370274424021,0.107178942095225
Co1412,459.5,,1.00131666666667,10.0131666666667,0.0891227689316741,0.802078757910426,0.1087984731579
Co1412,463.5,,1.16253694852941,11.6253694852941,0.053651739796963,0.804540872443428,0.141807387759609
Co1412,467.5,,1.33589240597015,13.3589240597015,0.0623542886083985,0.794911009152084,0.142734702239518
Co1412,471.5,,1.37428039376771,13.7428039376771,0.0797401028623606,0.763886697628657,0.156373199508982
Co1412,475.5,,1.54378281656805,15.4378281656805,0.0956768928092989,0.809762730963132,0.0945603762275688
Co1412,479.5,,1.57631063395225,15.7631063395225,0.0528101048132927,0.804430992582516,0.142758902604192
Co1412,483.5,,1.70115666326531,17.0115666326531,0.0786498526359139,0.777379932138433,0.143970215225653
Co1412,487.5,,1.97674587064677,19.7674587064677,0.048179805165682,0.806359350193204,0.145460844641114
Co1412,491.5,,1.95116187702265,19.5116187702265,0.0310865122385451,0.815974708077053,0.152938779684402
Co1412,495.5,,1.75984310249307,17.5984310249307,0.0566170264154513,0.792360733524708,0.151022240059841
Co1412,499.5,,1.63895354784689,16.3895354784689,0.0675786959302346,0.782413490276517,0.150007813793249
Co1412,503.5,,1.28552244247788,12.8552244247788,0.14690934731283,0.725458870299043,0.127631782388127
Co1412,507.5,,1.52838118367347,15.2838118367347,0.112696757575903,0.741848912907605,0.145454329516493
Co1412,511.5,,0.950081794871795,9.50081794871795,0.0905835706873252,0.773211787859925,0.13620464145275
Co1412,515.5,,1.46510698076923,14.6510698076923,0.293274873308536,0.541067270660031,0.165657856031432
Co1412,519.5,,1.29826882432432,12.9826882432432,0.578525502168353,0.33702832984826,0.0844461679833862
Co1412,523.5,,1.196756,11.96756,0.107480004309808,0.650899994238049,0.241620001452143
Co1412,527.5,,1.37609576802508,13.7609576802508,0.0239952377063564,0.677396809261401,0.298607953032243
Co1412,531.5,,1.33710666423358,13.3710666423358,0.107932899218346,0.656109653150102,0.235957447631553
Co1412,535.5,,1.79680683653846,17.9680683653846,0.172615255282544,0.61287607939331,0.214508665324146
Co1412,539.5,,2.43726941764706,24.3726941764706,0.0640117750993333,0.669457268226642,0.266530956674025
Co1412,543.5,,2.6092590617284,26.092590617284,0.0405584953094166,0.691495449933266,0.267946054757317
Co1412,547.5,,2.83966040123457,28.3966040123457,0.0147264189654177,0.709218913764703,0.27605466726988
Co1412,551.5,,3.35364350993378,33.5364350993378,0.0128011736546034,0.728367568414669,0.258831257930728
Co1412,555.5,,3.02841097452229,30.2841097452229,0.0161759901201259,0.737119079797631,0.246704930082243
Co1412,559.5,,2.44575488414634,24.4575488414634,0.120012126579496,0.611767821192995,0.268220052227509
Co1412,563.5,,1.36163930724638,13.6163930724638,0.0682431291579176,0.736180569341252,0.19557630150083
Co1412,567.5,,1.46208924539877,14.6208924539877,0.0967335420393108,0.709763019849614,0.193503438111075
Co1412,571.5,,1.44068065714286,14.4068065714286,0.262918249576254,0.585301841171969,0.151779909251776
Co1412,575.5,,1.46679324458204,14.6679324458204,0.104501731599764,0.685884310802044,0.209613957598193
Co1412,579.5,,1.24463988847584,12.4463988847584,0.101133549991644,0.678028353497123,0.220838096511234
Co1412,583.5,,1.12481476923077,11.2481476923077,0.43148630986058,0.437797598248239,0.130716091891181
Co1412,587.5,,1.09586179816514,10.9586179816514,0.337866535902761,0.510693646894625,0.151439817202615
Co1412,591.5,,1.86459716666667,18.6459716666667,0.099356875742466,0.69574801162907,0.204895112628463
Co1412,595.5,,2.42087192211838,24.2087192211838,0.0286359128456062,0.703142986678156,0.268221100476239
Co1412,599.5,,2.72799859661017,27.2799859661017,0.0280311269685978,0.726759243063062,0.245209629968341
Co1412,603.5,,2.8201429010989,28.201429010989,0.0551364997939671,0.722722507015414,0.222140993190619
PG1755,5,79.1893489283603,4.1895,41.895,0.25863572,0.7055,0.03587
PG1755,25,79.0937317193898,4.01922625,40.1922625,0.1419665,0.7952,0.0629
PG1755,45,75.937294966726,4.44418025,44.4418025,0.225988,0.712,0.06171
PG1755,81,,6.32564725,63.2564725,0.139245,0.8213,0.03971
PG1755,121,,6.488514,64.88514,0.1483678,0.8087,0.04285
PG1755,141,,3.880444,38.80444,0.09693015,0.8009,0.10248
PG1755,151,,2.4528295,24.528295,0.07503666,0.677,0.248
PG1755,177,50.4682535258376,1.859123,18.59123,0.0599504,0.7612,0.1791
PG1755,181,33.949265009366,2.573644,25.73644,0.0641668,0.7354,0.2005
PG1755,197,49.4560013926364,1.6303425,16.303425,0.0529612,0.7804,0.1665
PG1755,217,43.3932185781583,1.7303185,17.303185,0.04986213,0.7479,0.2025
PG1755,237,42.4386259272342,1.5334145,15.334145,0.04785269,0.7972,0.155
PG1755,247,41.6283026421137,1.52532875,15.2532875,0.0582563,0.7839,0.158
PG1755,267,42.2860509049544,1.3789225,13.789225,0.05512276,0.7765,0.1682
PG1755,287,42.497553862978,1.338788,13.38788,0.0821558,0.7392,0.1788
PG1755,307,40.155991893871,1.41576,14.1576,0.1477878,0.684,0.1682
PG1755,327,40.6108703401437,1.29955525,12.9955525,0.148019,0.7734,0.07871
PG1755,347,37.5611555486527,1.36229975,13.6229975,0.0456083,0.7416,0.2131
PG1755,367,37.7863908862044,1.28441025,12.8441025,0.06031841,0.729,0.2106
PG1755,387,36.5606629364686,1.30906625,13.0906625,0.0571194,0.7417,0.2011
PG1755,397,,1.30608469247817,13.0608469247817,0.05454083,0.7367,0.2087
PG1755,407,40.245950390092,1.23093175,12.3093175,0.0553739,0.737,0.2077
PG1755,432,38.8780705253032,1.309321,13.09321,0.02059574,0.7636,0.2163
PG1755,472,38.4510966635708,1.3814315,13.814315,0.0000033,0.770449,0.2297
PG1755,492,36.2181451176874,1.4502975,14.502975,0.0399546,0.7348,0.2251
PG1755,512,41.3054435483871,1.42217375,14.2217375,0.037199,0.7351,0.2269
PG1755,532,40.5225150637045,1.328376,13.28376,0.0353341,0.7248,0.2398
PG1755,552,42.8321807397928,1.40918575,14.0918575,0.02972438,0.7357,0.2347
PG1755,572,40.1933176040795,1.70897375,17.0897375,0.03683094,0.6966,0.2665
PG1755,592,39.1747419910693,1.58842075,15.8842075,0.0508755,0.7113,0.2381
PG1755,612,45.3631352595554,2.586868,25.86868,0.053382,0.7273,0.2192
PG1755,632,45.9058322030614,1.52529325,15.2529325,0.07270226,0.7129,0.2144
PG1755,652,43.2658373588967,1.723701,17.23701,0.0350551,0.7452,0.2196
PG1755,667,43.1205577128324,1.9758795,19.758795,0.0408091,0.7219,0.2378
PG1755,687,41.3487297921478,1.541409,15.41409,0.0248602,0.7144,0.2608
PG1755,707,43.5189925258523,1.775677,17.75677,0.0638869,0.7551,0.1808
PG1755,727,43.7135623533784,1.547861,15.47861,0.0498128,0.7106,0.2397
PG1755,747,47.2698388295283,1.965138,19.65138,0.03205825,0.7093,0.2581
PG1755,767,39.0187979136766,1.771257,17.71257,0.025082,0.737,0.2379
PG1755,787,35.9470316917126,2.0912545,20.912545,0.0001498,0.79342,0.2063
PG1755,807,31.9237040851356,2.16702,21.6702,0.039701,0.7808,0.1797
PG1755,827,30.7272099587759,2.196902,21.96902,0.0210777,0.7892,0.1896
PG1755,847,30.2704686025789,2.012279,20.12279,0.0387558,0.7878,0.1733
PG1755,867,30.4794350226289,1.992975,19.92975,0.0414572,0.7917,0.167
PG1755,887,30.7239607659972,2.1764015,21.764015,0.033725,0.7957,0.1706
PG1755,907,31.4725816389402,2.145503,21.45503,0.029991,0.7921,0.1778
PG1755,927,26.5140763295745,1.773534,17.73534,0.0090339,0.8167,0.1745
PG1756,10,67.4523305084745,4.2639515,42.639515,0.016854,0.6642,0.3189
PG1756,20,62.5047750580353,3.8351735,38.351735,0.013179,0.7792,0.2076
PG1756,30,61.4490786442909,4.513063,45.13063,0.007409,0.6261,0.3665
PG1756,40,62.5211885531957,4.2820975,42.820975,0.008608,0.6524,0.339
PG1756,50,67.0812666921022,4.3990535,43.990535,0.007406,0.6232,0.3694
PG1756,60,58.2787950653319,3.7852465,37.852465,0.022206,0.614,0.3638
PG1756,70,51.3385915281863,3.6046605,36.046605,0.023775,0.6621,0.3142
PG1756,80,52.6027680231357,3.399077,33.99077,0.014007,0.5852,0.4008
PG1756,90,52.0510682233341,3.7685545,37.685545,0.011719,0.6504,0.3379
PG1756,100,55.1266289648389,3.327623,33.27623,0.016096,0.6378,0.3461
PG1756,120,55.2557177820913,3.7582215,37.582215,0.008113,0.6373,0.3546
PG1756,140,52.0549834497977,3.4068455,34.068455,0.008609,0.6973,0.2941
PG1756,160,55.5946203537011,3.617397,36.17397,0.008787,0.61,0.3812
PG1756,180,55.9691796889097,3.629062,36.29062,0.007525,0.6573,0.3352
PG1756,194,53.3284941578664,3.19259,31.9259,0.011296,0.8425,0.1462
PG1756,214,52.9167315983586,3.316398,33.16398,0.002627,0.6895,0.3078
PG1756,234,51.2384975109368,3.264551,32.64551,0.006102,0.59,0.4039
PG1756,254,54.601226993865,3.7734045,37.734045,0.009625,0.6206,0.3698
PG1756,274,54.3208381275359,3.9629255,39.629255,0.008449,0.6251,0.3665
PG1756,294,52.6386633621058,3.5241675,35.241675,0.008201,0.5742,0.4176
PG1756,314,47.4824293435304,2.9949545,29.949545,0.015464,0.6125,0.3721
PG1756,334,42.9664101737087,2.68432,26.8432,0.012054,0.648,0.3399
PG1756,354,53.9791083351282,3.8996275,38.996275,0.007597,0.635,0.3574
PG1756,374,54.3718462931815,4.87688,48.7688,0.010733,0.6126,0.3766
PG1756,394,56.9290682864701,3.7993125,37.993125,0.017862,0.5524,0.4297
PG1756,414,48.7245531982196,2.421081,24.21081,0.0224,0.4559,0.5217
PG1756,434,32.3968432919955,1.4249395,14.249395,0.118629,0.6568,0.2245
PG1756,454,24.9302687625678,2.1210765,21.210765,0.193207,0.5673,0.2395
PG1984,1.5,92.9951690821256,29.9371995925903,299.371995925903,0.148104,0.7313,0.1208179
PG1984,5.5,93.2773109243697,28.302391052246,283.02391052246,0.0955997,0.786,0.11876
PG1984,9.5,88.4546001202646,27.1211347579956,271.211347579956,0.0851283,0.7974,0.11746
PG1984,11.5,89.0975166565718,26.5073232650756,265.073232650756,0.0164235,0.8339,0.1497604
PG1984,13.5,90.0116144018583,26.5174751281738,265.174751281738,0.181177,0.7058,0.113057
PG1984,17.5,90.2851458885942,24.856050491333,248.56050491333,0.05777442,0.7953,0.14718
PG1984,19.5,91.3430935709739,24.4602766036987,244.602766036987,0.1238395,0.7439,0.13249
PG1984,21.5,91.6510903426791,24.1002168655395,241.002168655395,0.05731725,0.7916,0.15098
PG1984,25.5,92.0665387076136,22.5441274642944,225.441274642944,0.0832885,0.7825,0.13432
PG1984,27.5,92.0774647887324,23.7904157638549,237.904157638549,0.0964177,0.7737,0.12956
PG1984,29.5,91.4772727272727,22.4289150238037,224.289150238037,0.08015737,0.7865,0.13324
PG1984,33.5,90.7068062827225,22.0808725357055,220.808725357055,0.0419596,0.7615,0.1964
PG1984,35.5,90.5249679897567,21.0650405883789,210.650405883789,0.0816484,0.7598,0.1584
PG1984,37.5,90.2912621359223,20.2503643035888,202.503643035888,0.2087576,0.6507,0.14049
PG1984,39.5,90.3544450900639,20.4587974548339,204.587974548339,0.1442641,0.7142,0.14177
PG1984,41.5,90.2810304449649,20.5060653686523,205.060653686523,0.14515441,0.7081,0.14676
PG1984,43.5,91.3207547169811,20.8770017623901,208.770017623901,0.0836,0.7542,0.1623
PG1984,47.5,90.8743169398907,19.4585466384887,194.585466384887,0.1019446,0.768,0.13017
PG1984,49.5,90.3363914373089,18.6858978271484,186.858978271484,0.2039698,0.6676,0.1288
PG1984,51.5,89.1908212560387,17.3085870742797,173.085870742797,0.070975,0.7694,0.1595
PG1984,53.5,89.0532544378698,17.5876770019531,175.876770019531,0.0951392,0.7603,0.14468
PG1984,55.5,87.217598097503,15.5253529548645,155.253529548645,0.0980476,0.7517,0.14992
PG1984,57.5,84.4621513944223,14.084261894226,140.84261894226,0.06878649,0.7732,0.15831
PG1984,59.5,82.051282051282,14.8668589591979,148.668589591979,0.1316281,0.7088,0.15924
PG1984,61.5,82.5829383886256,15.3807277679443,153.807277679443,0.08346877,0.7559,0.16032
PG1984,63.5,83.9572192513369,15.9892950057983,159.892950057983,0.1609319,0.6754,0.16359
PG1984,65.5,83.433014354067,15.4141879081726,154.141879081726,0.1043582,0.7213,0.174
PG1984,67.5,82.8276699029126,14.5050063133239,145.050063133239,0.0986787,0.7267,0.17448
PG1984,69.5,80.7017543859649,14.0352411270141,140.352411270141,0.0803596,0.753,0.1666
PG1984,71.5,81.0716365754222,13.8368787765502,138.368787765502,0.15115692,0.6974,0.15137
PG1984,73.5,82.3529411764706,15.3966007232666,153.966007232666,0.12230063,0.6996,0.178
PG1984,75.5,84.7087378640777,16.3517665863037,163.517665863037,0.1924445,0.6494,0.15798
PG1984,77.5,83.1290134267367,13.8313183784484,138.313183784484,0.1161529,0.7428,0.141
PG1984,79.5,81.9179664933564,12.6438097953796,126.438097953796,0.10645117,0.7351,0.1582
PG1984,81.5,76.6088416340235,8.11570644378662,81.1570644378662,0.1176823,0.7294,0.1527
PG1984,83.5,71.2062256809339,6.45595216751098,64.5595216751098,0.09692319,0.7442,0.1584
PG1984,85.5,62.7372627372627,5.72025775909423,57.2025775909423,0.1345134,0.7291,0.1367
PG1984,87.5,61.2294288480155,5.59472131729125,55.9472131729125,0.13179474,0.7357,0.1329
PG1984,89.5,62.9590207557211,6.22764992713928,62.2764992713928,0.11557548,0.745,0.1397
PG1984,91.5,66.4248704663213,6.81807851791381,68.1807851791381,0.21073607,0.6702,0.11921
PG1984,93.5,65.8136166103332,7.70017147064208,77.0017147064208,0.1275042,0.7241,0.1481
PG1984,95.5,65.7894736842105,7.54632329940795,75.4632329940795,0.088635,0.7498,0.1611
PG1984,97.5,66.7740203972088,7.69613528251647,76.9613528251647,0.1327478,0.7311,0.13599
PG1984,99.5,65.1709401709402,6.99665832519531,69.9665832519531,0.12911334,0.7121,0.1589
PG1984,101.5,61.148473874806,5.59529471397399,55.9529471397399,0.08843599,0.7607,0.1509
PG1984,103.5,61.407249466951,6.07846140861511,60.7846140861511,0.1235365,0.7352,0.1413
PG1984,105.5,57.680412371134,5.20269346237182,52.0269346237182,0.1204357,0.7356,0.1442
PG1984,107.5,58.1056466302368,5.58430957794189,55.8430957794189,0.212333,0.6467,0.1409
PG1984,109.5,56.8541780447843,4.55826592445373,45.5826592445373,0.0862312,0.7365,0.1772
PG1984,111.5,46.4893153074575,3.38596868515014,33.8596868515014,0.0640889,0.7716,0.1646
PG1984,113.5,35.1204351204351,1.97529155015945,19.7529155015945,0.1214267,0.7438,0.1349
PG1984,115.5,32.7019713954387,1.60725194215774,16.0725194215774,0.1993737,0.6803,0.12036
PG1984,117.5,28.9097875304772,1.66712462902069,16.6712462902069,0.1973153,0.684,0.11837
PG1984,119.5,30.1018483591098,1.76378816366195,17.6378816366195,0.1774664,0.6936,0.12877
PG2133,2,,4.68744802474975,46.8744802474975,0.102222001944507,0.832936014011531,0.0648419840439615
PG2133,4,,5.48548674583435,54.8548674583435,0.030241266748984,0.847308964232786,0.122449769018229
PG2133,6,,5.28871083259582,52.8871083259582,0.0349646747357633,0.827636001115356,0.137399324148881
PG2133,18,,6.75234508514404,67.5234508514404,0.0321362500691184,0.902740454000501,0.06512329593038
PG2133,28,,5.25146579742431,52.5146579742431,0.0342344406205614,0.878503155310629,0.0872624040688099
PG2133,38,,3.63942003250122,36.3942003250122,0.00683481802501995,0.880911050521554,0.112254131453426
PG2133,48,,4.52545547485351,45.2545547485351,0.0191196825962383,0.869114811852451,0.111765505551311
PG2133,58,,3.48939585685729,34.8939585685729,0.00916541248130923,0.860584885310285,0.130249702208405
PG2133,67,,2.82815694808959,28.2815694808959,0.0102798336908333,0.806340833362095,0.183379332947071
PG2133,76,,1.31979030370712,13.1979030370712,0.0026299140154536,0.823068899317095,0.174301186667451
PG2133,78,,1.09336501359939,10.9336501359939,0.00907487953489348,0.793701593809664,0.197223526655443
PG2133,80,,0.79183405637741,7.9183405637741,0.0405666315639529,0.747059879571423,0.212373488864624
PG2133,82,,0.711190670728683,7.11190670728683,0.0681452288811984,0.675311019294452,0.25654375182435
PG2133,86,,0.632049441337585,6.32049441337585,0.0264986849260849,0.496114609849139,0.477386705224776
PG2133,97,,0.729912549257278,7.29912549257278,0.00374412527120158,0.710196155111809,0.286059719616989
PG2133,107,,0.387497320771217,3.87497320771217,0.0175441804070595,0.672737060812917,0.309256531403854
PG2133,147,,0.636153727769851,6.36153727769851,0.00207620504878349,0.56787220116231,0.430051593788907
PG2133,167,,0.680225133895874,6.80225133895874,0.00220940166839935,0.642893518034088,0.354897080297512
PG2133,177,,0.748787194490432,7.48787194490432,0.0170961342400731,0.65483110422994,0.327571507600681
PG2133,187,,0.668953031301498,6.68953031301498,0.015750986885658,0.693781595692217,0.289914033546201
PG2133,195,,0.754977911710739,7.54977911710739,0.00181330543073624,0.686606111919693,0.311580582649571
PG2133,196,,0.677728980779647,6.77728980779647,0.0030707150035344,0.694800845053866,0.3021284399426
PG2133,197,,0.656287044286727,6.56287044286727,0.00553677829042831,0.698280066801343,0.296183154908229
PG2133,198,,0.721175253391265,7.21175253391265,0.00378013916196167,0.844532659179686,0.151687201658353
PG2133,199,,0.757842928171157,7.57842928171157,0.00801081504580416,0.792632329739523,0.199288627843273
PG2133,200,,0.717315435409545,7.17315435409545,0.0148179949854065,0.687108429183471,0.297344772685126
PG2133,201,,0.657634615898132,6.57634615898132,0.00766865585310292,0.658380475727707,0.33395086841919
PG2133,202,,0.71276980638504,7.1276980638504,0.0103550254211959,0.796118620348927,0.193526354229877
PG2133,203,,0.72373941540718,7.2373941540718,0.0106391248678409,0.872682861165922,0.116678013966237
PG2133,204,,0.777986913919448,7.77986913919448,0.0124895186066763,0.882871185704591,0.104639295688733
PG2133,214,,0.675102472305297,6.75102472305297,0.0061082634081048,0.790540607268533,0.203351129323362
PG2133,214.5,,0.79849624633789,7.9849624633789,0.00497493110240149,0.752723848232291,0.242301220665307
PG2133,215,,0.755979418754577,7.55979418754577,0.0154914093593157,0.75318465176337,0.231228742636507
PG2133,215.5,,0.813280969858169,8.13280969858169,0.0110175535051534,0.73321958844292,0.255762858051926
PG2133,216,,0.890144199132919,8.90144199132919,0.0090087810775029,0.661274681763634,0.329250166815285
PG2133,216.5,,0.845321655273437,8.45321655273437,0.0097478729545702,0.707005871878446,0.283245573322081
PG2133,217,,0.75709643959999,7.5709643959999,0.00541507179546418,0.785885813571045,0.208699114633491
PG2133,217.5,,0.76405319571495,7.6405319571495,0.00919100877219823,0.813459826688712,0.177349164539089
PG2133,218,,0.764618754386901,7.64618754386901,0.00646293236781619,0.792483007634843,0.201054059997341
PG2133,218.5,,0.72316163778305,7.2316163778305,0.00901475560014509,0.75075696170896,0.240228282690895
PG2133,219,,0.788880795240402,7.88880795240402,0.0113317508531045,0.664701852706087,0.323645885196746
PG2133,219.5,,0.773232161998748,7.73232161998748,0.00377459768627751,0.692282339654212,0.303943062659511
PG2133,220,,0.645378649234771,6.45378649234771,0.00470122084016203,0.802613320169314,0.192685458990524
PG2133,230,,0.74082800745964,7.4082800745964,0.016428878590464,0.799296566501041,0.184274554908495
PG2133,240,,0.89238366484642,8.9238366484642,0.0282013794775971,0.754292786151456,0.217505834370947
PG2133,250,,0.764834344387054,7.64834344387054,0.00746539197378766,0.809187336450105,0.183347271576108
PG2133,260,,0.830956041812896,8.30956041812896,0.0231787259584659,0.752516397852726,0.224304876188808
PG2133,270,,0.919390976428985,9.19390976428985,0.0114418258221932,0.754271279184253,0.234285542109576
PG2133,280,,0.718927472829818,7.18927472829818,0.0129748935902094,0.812190205421012,0.174834900988779
PG2133,290,,0.857604026794433,8.57604026794433,0.00999324580210895,0.81646510372372,0.173541650474171
PG2133,300,,0.834167778491973,8.34167778491973,0.00969849338010449,0.761717356982813,0.228584149637083
PG2133,310,,1.04495251178741,10.4495251178741,0.0294962568562228,0.669302657649646,0.300953857429391
PG2133,320,,0.678804755210876,6.78804755210876,0.0564692512246391,0.790856264230474,0.152674484544886
PG2133,330,,0.728744685649871,7.28744685649871,0.0657128290799962,0.803816799241821,0.130470371678183
PG2133,340,,0.688788622617721,6.88788622617721,0.0612766725365625,0.812907062993804,0.125816264469633
PG2133,350,,0.670191198587417,6.70191198587417,0.0356918025708636,0.882096730030807,0.0822114673983293
PG2133,370,,0.685776352882385,6.85776352882385,0.0474330835375326,0.853331199783221,0.0992357166792459
PG2208,74.5,41.1,7.68201971054077,76.8201971054077,0.2917,0.6596,0.0488
PG2208,84.5,39.5,7.74716520309448,77.4716520309448,0.3276,0.6262,0.0458
PG2208,94.5,46.1,7.47844457626342,74.7844457626342,0.2368,0.7022,0.0613
PG2208,126.5,44.3,6.79375672340393,67.9375672340393,0.2044,0.7379,0.0578
PG2208,136.5,42.3,6.41394352912902,64.1394352912902,0.1561,0.7419,0.1021
PG2208,156.5,42.6,5.90226674079895,59.0226674079895,0.3994,0.5666,0.034
PG2208,166.5,44.4,7.48528289794921,74.8528289794921,0.1623,0.7527,0.085
PG2208,186.5,45.2,7.48893070220947,74.8893070220947,0.2494,0.6835,0.0671
PG2208,196.5,36.8,6.47677373886108,64.7677373886108,0.1966,0.7256,0.0777
PG2208,216.5,40.2,5.51505351066589,55.1505351066589,0.0776,0.7926,0.1297
PG2208,228.5,48.2,5.75773501396179,57.5773501396179,0.2849,0.6508,0.0641
PG2208,238.5,43.4,5.4881088733673,54.881088733673,0.2651,0.6636,0.0716
PG2208,246.5,41.1,4.90220093727111,49.0220093727111,0.0935,0.7511,0.1559
PG2208,258.5,45.3,5.55563068389892,55.5563068389892,0.1543,0.7569,0.0884
PG2208,268.5,43.6,4.62728261947631,46.2728261947631,0.151,0.7365,0.1125
PG2208,288.5,32.4,2.05080413818359,20.5080413818359,0.0127,0.8384,0.1491
PG2208,357.5,26.8,0.687864243984222,6.87864243984222,0.007,0.6474,0.3454
