CoreID,CompositeDepth,WaterContent,TOC_percent,TOC_mg_g,Sand_percent,Silt_percent,Clay_percent,DryBulkDensity,WaterContentPredicted
Co1309,3.0,77.66119801602441,3.58141619407895,35.814161940789496,0.0457108261402133,0.674148592707558,0.28014058115222806,0.5939943719248663,63.11835910789095
Co1309,11.0,72.0213207366506,2.24294097540984,22.429409754098398,0.0270396186220283,0.6740486357633809,0.298911745614592,0.5949457040544304,62.9102372276135
Co1309,19.0,73.75924600334051,2.0278458176100598,20.278458176100603,0.0318709972608744,0.6918710825341889,0.276257920204937,0.600040478190542,62.45348266166465
Co1309,27.0,73.2272036124038,2.5456411009174302,25.4564110091743,0.0497821477812769,0.696814285572339,0.253403566646385,0.5950982611374376,62.5405639260337
Co1309,35.0,70.9294504016144,2.67133166229508,26.713316622950803,0.0554364283700204,0.70909970472364,0.235463866906339,0.5835667306687328,62.88003655397753
Co1309,43.0,72.4020299437765,2.4258291029900296,24.258291029900303,0.0469199959199276,0.695317541293144,0.257762462786929,0.5982170767757272,62.194980901760985
Co1309,51.0,73.12152948618821,2.6693561540785495,26.6935615407855,0.0604854538732937,0.684888959966491,0.254625586160216,0.5980961211776757,62.36774040763191
Co1309,59.0,70.80983385231801,2.355845936,23.55845936,0.0414977439194643,0.694930893036408,0.263571363044127,0.5915765220169661,62.40278971718257
Co1309,67.0,68.3858114075626,2.1113981878980903,21.113981878980898,0.0521113602873466,0.684298854953724,0.26358978475892997,0.6003447729762399,62.40840124047307
Co1309,75.0,66.7559679386653,2.0383008551532,20.383008551532,0.0434033030074208,0.7199000192269309,0.23669667776564798,0.58583227425605,62.75970456609786
Co1309,83.0,67.9682199216442,2.4661799255952404,24.661799255952396,0.0406515329304352,0.7029059554938821,0.25644251157568304,0.5996643855473958,62.45790885974123
Co1309,91.0,71.1782976916717,2.8125008962264104,28.125008962264104,0.0495200158191799,0.6811491112060072,0.269330872974813,0.5974527195901119,62.73683485684033
Co1309,99.0,69.384676625254,2.66727636585366,26.672763658536603,0.0440766868694257,0.6831531652672479,0.27277014786332604,0.5973264659587452,62.756705381241595
Co1309,107.0,72.3379404321589,2.4474969696969704,24.4749696969697,0.0404980664104046,0.6826951023005811,0.276806831289015,0.596831275077739,62.777212383217595
Co1309,115.0,72.6119473634384,2.4742458843930604,24.742458843930603,0.0425080025832905,0.674595493465059,0.282896503951649,0.596687546760023,62.685268231559675
Co1309,123.0,72.976061840246,2.15800269306931,21.5800269306931,0.0369713242258969,0.664316060059859,0.29871261571424396,0.602518883189468,62.48974712815215
Co1309,131.0,68.1390672634105,1.8746301886792498,18.7463018867925,0.0499645435055507,0.630059737525683,0.319975718968766,0.6066577694118098,62.891405867456015
Co1309,140.0,64.4652684813327,1.5768731707317099,15.7687317073171,0.0467486293196709,0.6365179560565849,0.316733414623744,0.6597510424894872,61.360522516265746
Co1309,147.0,63.0533656761674,1.3679506331521698,13.679506331521699,0.10607513430169901,0.632855930452817,0.26106893524548497,0.6777568211647568,56.851109556980575
Co1309,155.0,57.89858215941,0.9173656075949371,9.173656075949369,0.07873971720813999,0.602476562199455,0.318783720592404,0.6206173879718616,58.183551326320035
Co1309,163.0,57.678686030757504,0.7971491022099448,7.97149102209945,0.0311832247979828,0.586256186768809,0.38256058843320706,0.6174393273909334,56.21551575342536
Co1309,171.0,55.8305524657026,0.647751076190476,6.477510761904759,0.0374226854030632,0.540706940299716,0.42187037429721996,0.6281334099591294,54.29036108162679
Co1309,179.0,55.9616003166984,0.586450975609756,5.86450975609756,0.0208733194635165,0.540713415957861,0.43841326457862295,0.6431868898970373,53.01926116744154
Co1309,187.0,53.531266290991205,0.501057580645161,5.010575806451611,0.0336973788310917,0.513522627558464,0.452779993610444,0.6951556183966804,47.01078872486332
Co1309,195.0,49.82725713319321,0.39526227762039706,3.9526227762039703,0.0277796179510826,0.556706161442603,0.41551422060631393,0.7830341820032694,45.73724646124575
Co1309,203.0,40.8821732387085,0.287832315634218,2.8783231563421805,0.0600636001913181,0.666281426910611,0.273654972898071,0.7850824129390089,46.455487333957436
Co1309,211.0,46.344175044352504,0.24504754716981103,2.45047547169811,0.0435110683293021,0.6170088677510049,0.339480063919694,0.8071035736322898,44.812571714897146
Co1309,219.0,60.83038145497479,0.443098220670391,4.43098220670391,0.0271680854109423,0.426844705903627,0.5459872086854299,0.7538132198756472,45.87127034951607
Co1309,227.0,50.450470741925294,0.39930330994152097,3.99303309941521,0.0251393961012497,0.587350700815285,0.387509903083466,0.8025125627348126,45.74894391707523
Co1309,235.0,34.2590789601791,0.29359018289085603,2.9359018289085603,0.0328926891374084,0.6094104482367121,0.35769686262588,0.8063647118788487,44.80546271378987
Co1309,243.0,33.7474782266398,0.313401356382979,3.13401356382979,0.0413712702243047,0.564997627962765,0.393631101812931,0.806281093613565,45.4488085634497
Co1309,251.0,32.3502763432092,0.237350644067797,2.3735064406779705,0.0218764195615461,0.639677618590472,0.338445961847982,0.8139733980204823,44.11787052849464
Co1309,259.0,48.481887511916106,0.31639194719471897,3.16391947194719,0.0335219496329098,0.5134150227071179,0.45306302765997203,0.8386794409601579,45.443939175338485
Co1309,267.0,49.84136426730121,0.326973042216359,3.2697304221635894,0.0136676821679944,0.490996515330192,0.49533580250181397,0.8406041111866085,45.44218332841831
Co1309,275.0,50.9614728170585,0.256813746031746,2.56813746031746,0.0423054784729461,0.4757118362651239,0.48198268526193105,0.8437445353122969,45.54482928655057
Co1309,283.0,50.8373062456578,0.226066420289855,2.2606642028985497,0.0299589273477829,0.46620818273248205,0.503832889919735,0.8402634629676838,45.60247587492449
Co1309,292.0,52.226233453670304,0.232554016949153,2.32554016949153,0.0656269891375425,0.46027372419866497,0.4740992866637921,0.8307609375485734,45.667229949568664
Co1309,299.0,52.221146866682794,0.221093307304786,2.21093307304786,0.163027808053179,0.460191455979374,0.376780735967447,0.8256851627449944,45.5183011575852
Co1309,307.0,57.59730991605579,0.276324847701149,2.7632484770114907,0.0101328176735411,0.317626621647216,0.6722405606792429,0.8230798467145884,45.7269892022612
Co1309,315.0,54.247086247086294,0.235283653846154,2.35283653846154,0.0228302145959416,0.43638271871477596,0.540787066689283,0.8303055095168167,45.71916952334308
Co1309,323.0,57.5864174911445,0.25190488745980705,2.5190488745980697,0.0160330472834579,0.323919454158973,0.660047498557569,0.8309653935282305,45.66905085746647
Co1309,331.0,53.1431172440228,0.25176306162465,2.5176306162465,0.0864289482942779,0.44092270803760497,0.472648343668118,0.8400741032646397,45.69049752413314
Co1309,339.0,55.4828190402025,0.27613235869565195,2.7613235869565202,0.0310243170026048,0.43882913149957004,0.530146551497825,0.8402944567268714,45.72004456419364
Co1309,347.0,52.89516382922051,0.28249989617486304,2.82499896174863,0.00901821253891073,0.38982317653907,0.60115861092202,0.8410865043837763,45.679286172987425
Co1309,355.0,56.388031346473504,0.270177804281346,2.7017780428134603,0.0286649094037447,0.383430482288863,0.5879046083073921,0.8470644279795106,45.66332329620242
Co1309,363.0,57.5905171342661,0.323713365853659,3.2371336585365897,0.0195863623632186,0.30729847632514196,0.6731151613116391,0.8488642456966229,45.551688305364415
Co1309,371.0,56.386991789738396,0.284530649717514,2.8453064971751405,0.0206681262423022,0.43423433752260404,0.5450975362350929,0.8505485410681771,45.612375130097746
Co1309,379.0,59.777772253846706,0.30721751912568296,3.07217519125683,0.00499472110043474,0.30753306915841305,0.687472209741153,0.866116260936243,45.42345186703301
Co1309,387.0,55.030127203749196,0.288712918421053,2.8871291842105298,0.0403494318665199,0.44840748297415706,0.511243085159323,0.8702508111582312,45.15284594898362
Co1309,395.0,51.0268562401264,0.26633427607362,2.6633427607362004,0.15831229683620401,0.5531766596166999,0.288511043547097,0.846589235176606,46.50021682259763
Co1309,403.0,44.28283230803721,0.24765308579088502,2.47653085790885,0.0938144586931949,0.6385497673367889,0.26763577397001503,0.8502126843281538,45.691952833083654
Co1309,425.0,49.744632554620296,0.205780911671924,2.05780911671924,0.0662405976932129,0.554840030847191,0.37891937145959603,0.8795835932835294,44.75086749216998
Co1309,449.0,40.9051067952207,0.176630951219512,1.7663095121951202,0.149611460892007,0.5715675471144871,0.278820991993506,0.90142798589694,45.49279579451535
Co1309,473.0,42.0991868286317,0.21992318100890196,2.19923181008902,0.0999590657860774,0.5641032423383741,0.33593769187554806,1.1347576656765108,41.4089488933021
Co1309,497.0,41.6198003121671,0.184065182370821,1.84065182370821,0.10049417085153199,0.595331001590703,0.304174827557766,1.1308369379976877,42.46852056285485
Co1309,521.0,47.154491609081894,0.270422085492228,2.70422085492228,0.0724529995706992,0.514905332144463,0.412641668284838,1.074641982127938,43.40181514861842
Co1309,547.0,44.071500478797795,0.250418028169014,2.50418028169014,0.0262711454841586,0.578353319078412,0.39537553543743,1.0746212849377692,44.627756836005354
Co1309,571.0,48.091431986255294,0.194673342342342,1.94673342342342,0.0810816467718219,0.493740888701075,0.4251774645271029,1.1149022851571928,44.460271950953015
Co1309,595.0,47.3690779292097,0.225170147757256,2.25170147757256,0.0577863555423637,0.556675824341884,0.38553782011575105,1.0879316722254992,44.63630088226304
Co1309,619.0,45.646530204693,0.213860033057851,2.1386003305785097,0.0693298236019805,0.5157171314047809,0.41495304499323904,1.0986488782991488,44.124927416824534
Co1309,643.0,45.252590512635706,0.23628241256830604,2.3628241256830598,0.101195410356612,0.518386710355748,0.380417879287641,1.0688773440333565,45.17713596835456
Co1309,667.0,48.7122287568445,0.24411128342246,2.4411128342246,0.0212109855784657,0.476581770042884,0.50220724437865,1.059955105311254,45.60183664820539
Co1309,691.0,47.2379690299148,0.28257466145833304,2.82574661458333,0.0479171382899612,0.508312677790669,0.44377018391937,1.0421621229153077,45.38303844344169
Co1309,715.0,44.5126705653021,0.223551375,2.23551375,0.051843973059012005,0.5351556807331049,0.413000346207882,1.0573344546206618,45.398515183596906
Co1309,739.0,44.8858138184633,0.24383327810650895,2.43833278106509,0.10353485091572301,0.561629335266397,0.33483581381788,1.0785325921304907,46.74607162261994
Co1309,763.0,44.0120268664678,0.222532382608696,2.2253238260869597,0.14362679354425,0.525756866135749,0.33061634032000103,1.0616955357155382,46.31414415211483
Co1309,787.0,48.219394298115795,0.178304122641509,1.7830412264150899,0.0288213725867917,0.44303773912586597,0.5281408882873421,1.0881943575513409,46.24096354700583
Co1309,811.0,49.2117018481212,0.21424475304878102,2.14244753048781,0.0233510418948445,0.44504940861657,0.531599549488586,1.0141989621808254,46.398654823951155
Co1309,835.0,45.84266517357221,0.270810301075269,2.7081030107526898,0.112031620069819,0.428273261300131,0.459695118630049,1.0212849817817737,43.45492554415569
Co1309,859.0,43.3371958285052,0.21658937359550604,2.16589373595506,0.0859386882521551,0.5292445605348409,0.384816751213003,1.0409784177462205,43.180792075405435
Co1309,883.0,46.031866320595704,0.21433232722513101,2.14332327225131,0.0339164616119893,0.475370904611008,0.49071263377700297,1.0337924385483594,43.28771133327449
Co1309,907.0,45.973473473473504,0.234630552147239,2.34630552147239,0.0261776617927509,0.5543822988305921,0.41944003937665797,1.0313959563917237,43.4962457876199
Co1309,931.0,45.7060004461298,0.198263480916031,1.98263480916031,0.0404083398108703,0.473530987691578,0.486060672497552,1.0504705344773884,43.320482234317616
Co1309,955.0,35.793658173702795,0.175833197889182,1.75833197889182,0.16532382347716698,0.610346041149478,0.224330135373355,1.039850502255121,43.06426561974946
Co1309,977.0,45.9020821056767,0.19976758620689702,1.9976758620689699,0.013170838780790001,0.470037223918254,0.516791937300957,1.0513876418828803,43.1797810910192
Co1309,1001.0,37.774893471127,0.142177602179836,1.4217760217983602,0.0216089043572478,0.651098518999796,0.32729257664295697,1.1378253017835314,39.02834436342546
Co1309,1025.0,41.612285952602896,0.202559782608696,2.02559782608696,0.0198203695680246,0.617048516643704,0.36313111378827206,1.0666737095897072,40.309556504926846
Co1309,1049.0,44.976827444152896,0.19289475815217397,1.92894758152174,0.065645953092429,0.44996694372990204,0.484387103177669,1.0523594976957693,43.1797810910192
Co1309,1073.0,43.040373123451396,0.21130420738636396,2.1130420738636397,0.029243145506889,0.551829138059914,0.41892771643319604,1.032053000733035,43.18484185828947
Co1309,1097.0,43.5613316199113,0.189051432876712,1.8905143287671202,0.0354195394915164,0.574789586468781,0.38979087403970203,1.0505636204528421,43.16553378555307
Co1309,1121.0,44.6554781045831,0.21073456765676601,2.10734567656766,0.0461530983402741,0.49301599420995296,0.46083090744977295,1.032053000733035,43.18484185828947
Co1309,1145.0,39.869883963684,0.21167600000000003,2.1167599999999998,0.0257898880979939,0.57390824431446,0.40030186758754605,1.032053000733035,43.18484185828947
Co1309,1169.0,38.1848937265573,0.29598687150838,2.9598687150838,0.013348233093901003,0.534955097776113,0.45169666912998707,1.0081009418476337,43.35101550248161
Co1309,1193.0,40.5341712490181,0.22714428571428602,2.27144285714286,0.165283836943111,0.47078251467437393,0.363933648382515,1.0414927787711155,42.48065584325285
Co1309,1201.0,41.3067071847189,0.293135188087774,2.9313518808777403,0.0119611914044923,0.5189414305607921,0.469097378034716,1.0087399852194372,43.344646593897366
Co1309,1209.0,32.9806773932848,0.33667633898305105,3.36676338983051,0.00968625045600212,0.613183370650682,0.37713037889331497,1.0039008395723081,42.715935400437594
Co1309,1217.0,27.2080429345055,0.24568442159383,2.4568442159383,0.11837249235725099,0.6008199516700881,0.280807555972661,0.9888692214912266,43.60779516079135
Co1309,1225.0,37.872495446265894,0.26985957800511495,2.6985957800511495,0.0220087571363048,0.59723278253448,0.38075846032921595,1.0106450073404918,43.29585121479712
Co1309,1233.0,28.2513741656851,0.230954782608696,2.30954782608696,0.0350849545988605,0.641980097628749,0.322934947772391,1.0495389088551794,39.35641093842521
Co1309,1241.0,25.1069934831242,0.27201213746630704,2.7201213746630697,0.0242857849923906,0.6560615344396221,0.319652680567987,1.023295217795942,39.515851824901354
Co1309,1249.0,29.618110805728303,0.198219375,1.98219375,0.13174192803235302,0.593495113582371,0.27476295838527603,1.0102108592909231,43.52857249090813
Co1309,1258.0,37.126639069975,0.23247319047619,2.3247319047619,0.0370370821369596,0.5950731848394439,0.367889733023596,1.0429220651787734,42.69860179392044
Co1309,1266.0,35.120922793583105,0.216727643044619,2.16727643044619,0.0452497141156879,0.620657947161009,0.33409233872330296,1.064272845659318,40.03212793373846
Co1309,1274.0,30.0901120311739,0.231168148351648,2.31168148351648,5.803705860655789e-07,0.707897713688263,0.29210170594115104,1.011190366160979,40.81237858762401
Co1309,1282.0,23.4411977783144,0.115083017751479,1.15083017751479,0.0510839565148491,0.7395181061965319,0.20939793728861897,1.107223288476646,40.00423429599448
Co1412,0.5,,4.7446311526479805,47.446311526479796,0.0853045313703314,0.699571410221479,0.21512405840819002,0.5789961394836863,63.154710430098895
Co1412,4.5,,4.70428639655172,47.042863965517206,0.0636788984442123,0.6950554432580219,0.24126565829776603,0.5926903806056822,63.06134865669598
Co1412,8.5,,3.3818010838323396,33.818010838323396,0.0406319125232201,0.704407618648379,0.25496046882840195,0.5948818770688558,63.03946699838758
Co1412,12.5,,3.868628475,38.68628475,0.0526238649525306,0.673309809425158,0.27406632562231104,0.5947488511172209,62.924748717592614
Co1412,16.5,,4.68836564516129,46.8836564516129,0.0451651976970826,0.6746049723892641,0.28022982991365397,0.5982247193318062,62.510784718907395
Co1412,20.5,,3.66595230379747,36.6595230379747,0.0298117848909068,0.6616698944483571,0.30851832066073603,0.5955389543744483,62.546003547908704
Co1412,24.5,,4.29178693820225,42.9178693820225,0.0558572130242053,0.7452359346216991,0.198906852354097,0.5866711499114446,60.96713522754782
Co1412,28.5,,4.61067008746356,46.1067008746356,0.0625545938603509,0.737606157611301,0.19983924852834697,0.572678161943512,62.69975231849904
Co1412,32.5,,5.6163429915493,56.163429915493005,0.0765479983950271,0.683834167066994,0.239617834537979,0.5953118579982523,62.61312587165027
Co1412,36.5,,3.32089922093023,33.2089922093023,0.0601012597713018,0.6550350126898979,0.28486372753879996,0.5930515535227101,62.63598661378492
Co1412,40.5,,4.61269744897959,46.12697448979589,0.0472887288505218,0.7380942787993079,0.21461699235017,0.5777595066503648,62.38991724069059
Co1412,44.5,,4.18022928783383,41.8022928783383,0.0470689010776013,0.7087498564394459,0.244181242482953,0.5990393123714849,62.204039936529895
Co1412,48.5,,4.70352473684211,47.035247368421096,0.0426103930146384,0.7554304183588549,0.201959188626507,0.5976523535321459,60.012775720043706
Co1412,52.5,,4.900907852631581,49.0090785263158,0.0313105525199794,0.7276296560079899,0.24105979147203,0.5857034176012614,62.4921229635472
Co1412,56.5,,4.229593302752289,42.2959330275229,0.0557295052276896,0.7280659741735109,0.216204520598799,0.5722335256792265,62.49872254187364
Co1412,60.5,,3.5824462709677403,35.8244627096774,0.0719462655784037,0.680178257502539,0.247875476919058,0.5948669514070608,62.441734558221874
Co1412,64.5,,3.78980308985507,37.8980308985507,0.0499532651223749,0.706486898636814,0.24355983624081304,0.5938701478973563,62.3570811071322
Co1412,68.5,,2.67898114201183,26.789811420118298,0.0260288050872144,0.7024367199623219,0.271534474950464,0.5953340155218689,62.459328675039515
Co1412,72.5,,3.95479566767372,39.5479566767372,0.0384151860687963,0.706395944414976,0.255188869516227,0.5957895010608949,62.48492329933776
Co1412,76.5,,3.6418215327102796,36.41821532710279,0.0245856857093165,0.7118402834603709,0.263574030830313,0.5922909218789312,62.48800017288861
Co1412,80.5,,4.343438252149,43.43438252149,0.0698239858124783,0.681873207890477,0.24830280629704501,0.6003713169784978,62.50301766105273
Co1412,84.5,,5.71804115730337,57.1804115730337,0.0416109401385064,0.7114466865519259,0.24694237330956798,0.5998558936798399,62.478180113805074
Co1412,88.5,,5.2814864419889505,52.814864419889496,0.0264255455893346,0.7098878732095509,0.263686581201114,0.5967752634253454,62.62550334082266
Co1412,92.5,,5.04875774147727,50.4875774147727,0.0512451201760412,0.698177540650356,0.250577339173602,0.5992681795926847,62.66678366552557
Co1412,96.5,,6.2270834375,62.270834375,0.0314314685913183,0.719882718461639,0.248685812947043,0.590305878983406,62.81358207597285
Co1412,100.5,,7.53157792,75.31577920000001,0.0170241831295505,0.710335947569553,0.27263986930089606,0.5962100837749823,62.56169269475802
Co1412,104.5,,5.779263529411759,57.7926352941176,0.0345906389340986,0.7206317041465229,0.244777656919379,0.5877643726458471,62.826271334633745
Co1412,108.5,,4.01291380327869,40.1291380327869,0.0525981249815239,0.7321698342421921,0.21523204077628302,0.5733782930433906,62.57783650800825
Co1412,112.5,,3.2406599196428596,32.4065991964286,0.0557019009705965,0.7293392299626559,0.214958869066747,0.5734045763700925,62.5261697875189
Co1412,116.5,,2.6662839211267597,26.6628392112676,0.0799198885877807,0.7008119022409179,0.21926820917130102,0.5819725531273345,62.44519251333544
Co1412,120.5,,2.8938058429319398,28.9380584293194,0.19554676755241399,0.644895647726072,0.15955758472151502,0.5058690030950693,64.19548811853896
Co1412,124.5,,1.9963229721362201,19.9632297213622,0.193854046478422,0.663934508083923,0.14221144543765601,0.5159377985458993,63.7999354229104
Co1412,128.5,,2.2717192457142903,22.717192457142897,0.146017627966715,0.704605769379937,0.149376602653349,0.5088036173851793,63.61521840735577
Co1412,132.5,,2.4344059354838703,24.3440593548387,0.119006206212116,0.7317745564727719,0.149219237315112,0.510263463064938,63.57571230105595
Co1412,136.5,,1.9437788070175401,19.437788070175397,0.160970411479638,0.6989711438809889,0.140058444639373,0.5229689282998928,63.29813299065904
Co1412,140.5,,1.92294528020566,19.229452802056603,0.168610367418267,0.681500520111057,0.149889112470676,0.5245726534421976,63.51338594264519
Co1412,144.5,,1.97763494025157,19.7763494025157,0.124952988829925,0.7187173931300351,0.156329618040041,0.5200365436426457,63.5174656534102
Co1412,148.5,,2.2907961933534704,22.907961933534697,0.147028173171931,0.699277561477454,0.15369426535061498,0.5098302836775277,63.80559378587775
Co1412,152.5,,1.74207043630573,17.4207043630573,0.14327450516558302,0.7160071341183231,0.140718360716093,0.5622542514202856,62.334030762585414
Co1412,156.5,,1.02608745595855,10.260874559585499,0.214363730420285,0.664324699947213,0.12131156963250099,0.5897156486996283,59.805634833624886
Co1412,160.5,,1.37840555675676,13.784055567567599,0.128138784407886,0.7035068556316278,0.168354359960486,0.6162717151745187,58.3316319594686
Co1412,168.5,,1.45165833149171,14.5165833149171,0.12390170822755199,0.7305130167865959,0.145585274985853,0.6020805167138034,59.240883628760585
Co1412,172.5,,1.24945989908257,12.494598990825699,0.162476538767301,0.7012635775883299,0.136259883644368,0.5858683133992434,58.21503663798894
Co1412,176.5,,1.2291301008403401,12.291301008403401,0.0600052572402179,0.761735260578977,0.17825948218080398,0.5895346191153856,57.862212297297965
Co1412,180.5,,1.24872566666667,12.487256666666699,0.116976509950465,0.7258626476650929,0.15716084238444297,0.5840667785496862,58.04943420021969
Co1412,184.5,,1.15873401960784,11.5873401960784,0.11839736318639099,0.7433248779072229,0.138277758906385,0.5429354537246467,58.64716819506188
Co1412,188.5,,1.15117393877551,11.511739387755101,0.12826282076222198,0.73213389558532,0.139603283652457,0.5475424833179596,58.03245634416779
Co1412,192.5,,0.966939058375635,9.66939058375635,0.515543631311517,0.396309345596935,0.0881470230915474,0.6366040921342354,57.87447332777103
Co1412,196.5,,1.3646923180593002,13.646923180593,0.377337402091409,0.496468587814208,0.126194010094383,0.5979872809272327,57.62265405807747
Co1412,200.5,,0.794921520618557,7.94921520618557,0.312960613414616,0.549857007652688,0.137182378932697,0.6754308625653055,55.80586996606627
Co1412,208.5,,0.7726248349514558,7.7262483495145595,0.41879370013592,0.46883804271644003,0.11236825714764001,0.6779724905181548,55.90969097681179
Co1412,212.5,,0.752863782222222,7.52863782222222,0.458033250615247,0.439830712968499,0.102136036416254,0.6837393313477256,55.60456833578057
Co1412,216.5,,0.7431476544943821,7.43147654494382,0.38830097113522405,0.493784476643169,0.117914552221606,0.6825757694358455,55.170647854009246
Co1412,220.5,,0.9764795000000001,9.764795,0.295268936573789,0.582488332577773,0.122242730848438,0.6602781555614706,57.432602468739226
Co1412,224.5,,0.9763269421487599,9.763269421487609,0.18800172028220102,0.66626953461298,0.145728745104819,0.659961814867879,57.19789699155675
Co1412,228.5,,0.952212371052632,9.52212371052632,0.289692477142602,0.584196982531304,0.126110540326094,0.660372995246079,57.4173119969859
Co1412,232.5,,0.8312216691176469,8.31221669117647,0.31840892474878096,0.561635193054891,0.11995588219632801,0.680597936055197,56.76652612572407
Co1412,236.5,,0.8021628091603051,8.02162809160305,0.42632052686221006,0.47842472068628006,0.0952547524515107,0.6895063276683061,55.329323517162756
Co1412,240.5,,0.831714432748538,8.31714432748538,0.28364004123184006,0.594646655650354,0.121713303117806,0.6803690604521333,56.408775384031074
Co1412,244.5,,0.90448027100271,9.0448027100271,0.41218254955384004,0.49125825892001396,0.0965591915261449,0.6669697978182838,56.654743292374754
Co1412,248.5,,0.7760745431472079,7.760745431472079,0.38889470987561503,0.49864257114407,0.11246271898031698,0.684670844824739,55.05380358158622
Co1412,252.5,,0.852859422960725,8.528594229607249,0.42361312456525296,0.469129251158671,0.10725762427607599,0.6793654625863803,56.243784520940586
Co1412,256.5,,0.908270652818991,9.082706528189911,0.376187901963663,0.509272971268624,0.11453912676771302,0.6849016175713976,56.54501623540463
Co1412,260.5,,0.90938817699115,9.0938817699115,0.5591066845634439,0.3695612253513811,0.0713320900851744,0.696064951991909,56.35258190492728
Co1412,264.5,,0.8095341472684079,8.09534147268409,0.3108957681830711,0.571972235201594,0.11713199661533401,0.7069050887807027,55.559875737983965
Co1412,268.5,,0.99926010723192,9.992601072319198,0.21344361079663898,0.653684386397735,0.13287200280562597,0.6790633137888131,56.42558478978636
Co1412,272.5,,0.991822033898305,9.918220338983051,0.392274028106198,0.508606238843166,0.0991197330506364,0.6827368296219039,56.594659945113804
Co1412,276.5,,1.00709986956522,10.070998695652198,0.370442832887979,0.518828733645003,0.11072843346701801,0.6759640818968458,56.58781665124333
Co1412,280.5,,0.9680843652561251,9.680843652561249,0.265371653427654,0.6190004339829239,0.115627912589422,0.6950070251539154,56.62253307393365
Co1412,284.5,,0.952657321875,9.52657321875,0.31563436901467995,0.5697821935996049,0.114583437385717,0.6879492363190806,56.66537745248018
Co1412,287.5,,1.00264392744479,10.0264392744479,0.19602605153844502,0.6522672839847939,0.15170666447676098,0.6743095151366113,56.38206441119108
Co1412,299.5,,0.47801750000000004,4.780175,0.104196350706343,0.798271664490557,0.0975319848030989,0.7425477577821635,47.2152977625345
Co1412,303.5,,0.721157365625,7.21157365625,0.230590248302662,0.645693701182641,0.12371605051469699,0.6829738354048566,54.71458511487426
Co1412,307.5,,0.797711411371237,7.9771141137123704,0.19368907398930804,0.6760010865617629,0.130309839448929,0.6746468309438092,54.784245347727435
Co1412,311.5,,1.00432927058824,10.0432927058824,0.293553284503444,0.6086887530052071,0.0977579624913496,0.6684142780635983,56.57306694789415
Co1412,315.5,,0.7336727892271658,7.336727892271661,0.26457453301961803,0.6174876666956178,0.117937800284763,0.695711897662647,54.73727506391358
Co1412,319.5,,1.15801451612903,11.5801451612903,0.16693719339658403,0.697909606989733,0.135153199613682,0.5681470545301934,56.51837904801894
Co1412,323.5,,1.08733331707317,10.8733331707317,0.161922027538567,0.6951478519499951,0.14293012051143802,0.5877643781827268,56.4369349958446
Co1412,327.5,,1.1401297206703898,11.401297206703902,0.111008487970478,0.741456992580667,0.14753451944885598,0.5609656276273381,56.53083579893572
Co1412,331.5,,0.9751518427518431,9.75151842751843,0.24125359693789603,0.647965925764104,0.110780477298001,0.6981996478617437,56.632390141342256
Co1412,335.5,,1.07682592419825,10.7682592419825,0.18183413183605301,0.7101530401745271,0.10801282798942,0.5908583061739372,56.28842427054075
Co1412,339.5,,0.7835372067988672,7.83537206798867,0.158890256315157,0.7173088050570708,0.12380093862777099,0.6982925386724802,54.565874038284164
Co1412,343.5,,0.860894233830846,8.60894233830846,0.12881876524205998,0.7293165013263199,0.141864733431621,0.6964962143453931,55.376242405176
Co1412,347.5,,1.1512423317073202,11.5124233170732,0.100924715369204,0.7149322166084849,0.184143068022311,0.5730144173369969,56.267106851829865
Co1412,351.5,,0.9489938849315072,9.48993884931507,0.12763682874140303,0.7564351677742199,0.11592800348437801,0.7121831349615466,55.68230551538812
Co1412,355.5,,0.994008739018088,9.940087390180881,0.113210473183615,0.736927470388509,0.14986205642787698,0.7070704380001238,56.046621222917906
Co1412,359.5,,1.02199239524838,10.2199239524838,0.0953349525556099,0.7496755469625491,0.15498950048184,0.6995681422210218,56.03679673633193
Co1412,363.5,,1.3003242488038302,13.003242488038302,0.11955137486504198,0.7223550675114631,0.158093557623496,0.6173901474972008,56.42830980234885
Co1412,367.5,,1.2239711627907,12.239711627906999,0.14146657558383702,0.720739125488552,0.137794298927612,0.6043447570578777,55.84815242997079
Co1412,371.5,,1.1617175300546398,11.6171753005464,0.12242542452321699,0.732285812960444,0.14528876251634,0.5761281729557604,56.03381246417963
Co1412,375.5,,1.12815641902314,11.2815641902314,0.10330881015137801,0.7335488313387429,0.16314235850988001,0.5811737810527655,55.844707910715115
Co1412,379.5,,1.32186161388889,13.2186161388889,0.10695352038743598,0.740075961396631,0.152970518215934,0.6189954793761835,56.016045533305935
Co1412,383.5,,1.29274495738636,12.9274495738636,0.0759288875939174,0.7538281237327349,0.17024298867334803,0.6262276533241593,55.9676551862624
Co1412,387.5,,1.27772468324607,12.7772468324607,0.138161454978393,0.7191601473575211,0.142678397664086,0.6338995090496286,55.78577344513673
Co1412,391.5,,1.0756726395664,10.756726395664,0.10302821949934,0.727316177230445,0.16965560327021498,0.6083999442456574,55.99365960559286
Co1412,395.5,,1.0904915229357799,10.904915229357801,0.116833850268106,0.726998340067317,0.15616780966457802,0.6083055484875324,56.06837798489386
Co1412,399.5,,1.31460889361702,13.1460889361702,0.15588745673640197,0.7143147698812801,0.129797773382318,0.6168218012766367,56.19782494839518
Co1412,403.5,,1.37552967058824,13.755296705882401,0.0528576416986534,0.7475862238243471,0.19955613447700002,0.6366641578378234,55.982807504257956
Co1412,407.5,,1.23498223837209,12.349822383720902,0.159349993405762,0.712365005553001,0.128285001041237,0.6070224303531986,56.15174048708403
Co1412,411.5,,1.1936513223140501,11.9365132231405,0.0952237598169052,0.7406919260583841,0.16408431412470997,0.598294184327159,56.33979103076061
Co1412,415.5,,1.47157066285714,14.7157066285714,0.0975691334829942,0.734801634565524,0.167629231951483,0.5891061303204008,58.78540736472807
Co1412,419.5,,1.42673370392749,14.2673370392749,0.148210281162106,0.7045507035280051,0.147239015309888,0.5974960630191933,57.43354977816083
Co1412,423.5,,1.2536160870712398,12.536160870712399,0.0987298176662989,0.7354595771191109,0.16581060521459,0.6283388211409074,56.04195618899824
Co1412,427.5,,1.09151203608247,10.9151203608247,0.100386005757297,0.743049503861909,0.15656449038079298,0.6006927582042043,56.318495588688876
Co1412,431.5,,1.09431258850575,10.9431258850575,0.0939563584345568,0.7633505108170929,0.14269313074835,0.6001250518677864,56.253827093605416
Co1412,435.5,,1.04454719128329,10.4454719128329,0.13185116277991402,0.737163969964572,0.130984867255514,0.607390487800867,56.173484611100875
Co1412,439.5,,1.0820066584158399,10.820066584158402,0.0829349515929279,0.7600799646713291,0.15698508373574202,0.6083594942146835,56.21002747735591
Co1412,443.5,,0.865859038461539,8.658590384615389,0.11757589539785801,0.7384356412273041,0.143988463374839,0.7348597289517242,55.518571972306454
Co1412,447.5,,0.681862821256039,6.81862821256039,0.130142562837327,0.749077086080772,0.12078035108190101,0.7929796808839085,52.75275786166905
Co1412,451.5,,0.7950849777777779,7.950849777777781,0.0992811801302065,0.7612655665263249,0.139453253343468,0.7769368868718746,53.916492447760255
Co1412,455.5,,0.899191844875346,8.991918448753461,0.115450783480754,0.777370274424021,0.10717894209522501,0.7465208574299182,54.88777523144096
Co1412,459.5,,1.00131666666667,10.0131666666667,0.0891227689316741,0.8020787579104259,0.10879847315789999,0.7555779301631249,55.33857728536905
Co1412,463.5,,1.16253694852941,11.6253694852941,0.053651739796963,0.8045408724434281,0.14180738775960902,0.602688124522058,56.033296093609685
Co1412,467.5,,1.33589240597015,13.3589240597015,0.0623542886083985,0.7949110091520841,0.142734702239518,0.6080916131912738,56.17849945163306
Co1412,471.5,,1.37428039376771,13.742803937677099,0.0797401028623606,0.7638866976286569,0.156373199508982,0.6287210375612055,55.93951242751247
Co1412,475.5,,1.54378281656805,15.437828165680498,0.0956768928092989,0.8097627309631321,0.0945603762275688,0.5817082735796312,62.27522818034903
Co1412,479.5,,1.57631063395225,15.7631063395225,0.0528101048132927,0.8044309925825159,0.142758902604192,0.5643946217823639,63.83344620133735
Co1412,483.5,,1.70115666326531,17.0115666326531,0.0786498526359139,0.777379932138433,0.143970215225653,0.5456591145622818,64.04505292931019
Co1412,487.5,,1.97674587064677,19.7674587064677,0.048179805165681995,0.8063593501932041,0.145460844641114,0.5008016535128778,64.67537375181293
Co1412,491.5,,1.95116187702265,19.5116187702265,0.0310865122385451,0.815974708077053,0.15293877968440198,0.5003913791188077,64.68191883901513
Co1412,495.5,,1.75984310249307,17.598431024930697,0.0566170264154513,0.792360733524708,0.151022240059841,0.5463875117289563,63.89266710681779
Co1412,499.5,,1.6389535478468897,16.3895354784689,0.0675786959302346,0.7824134902765171,0.150007813793249,0.552062753188192,63.953235049671164
Co1412,503.5,,1.2855224424778797,12.8552244247788,0.14690934731282998,0.7254588702990429,0.127631782388127,0.6570908609935592,55.8219796082294
Co1412,507.5,,1.52838118367347,15.2838118367347,0.11269675757590301,0.741848912907605,0.145454329516493,0.6052941228220797,62.50748729612701
Co1412,511.5,,0.950081794871795,9.50081794871795,0.0905835706873252,0.7732117878599251,0.13620464145275,0.8483303998310832,54.934366698440826
Co1412,515.5,,1.46510698076923,14.651069807692302,0.293274873308536,0.541067270660031,0.16565785603143202,0.6048663955514286,59.75697950282212
Co1412,519.5,,1.2982688243243201,12.982688243243198,0.5785255021683531,0.33702832984826,0.0844461679833862,0.6394598658340033,56.852831973247355
Co1412,523.5,,1.196756,11.96756,0.10748000430980802,0.6508999942380489,0.24162000145214302,0.6976029040865285,54.16928309248006
Co1412,527.5,,1.37609576802508,13.7609576802508,0.0239952377063564,0.677396809261401,0.29860795303224297,0.7197469893445908,54.14478156426834
Co1412,531.5,,1.33710666423358,13.371066642335801,0.10793289921834599,0.6561096531501021,0.235957447631553,0.6964051616082063,55.16813692216349
Co1412,535.5,,1.79680683653846,17.968068365384603,0.172615255282544,0.61287607939331,0.21450866532414603,0.5961742863174488,65.94553314054487
Co1412,539.5,,2.43726941764706,24.372694176470603,0.0640117750993333,0.6694572682266421,0.266530956674025,0.6039080340306908,63.51839628518856
Co1412,543.5,,2.6092590617284,26.092590617284003,0.0405584953094166,0.6914954499332661,0.267946054757317,0.6027039281010831,63.52856381014757
Co1412,547.5,,2.8396604012345694,28.3966040123457,0.0147264189654177,0.709218913764703,0.27605466726988,0.6040570065052582,63.46138526175199
Co1412,551.5,,3.35364350993378,33.5364350993378,0.0128011736546034,0.728367568414669,0.25883125793072803,0.5967842893802893,63.53307282442837
Co1412,555.5,,3.02841097452229,30.284109745222896,0.0161759901201259,0.737119079797631,0.246704930082243,0.5959102270585385,63.909856578127275
Co1412,559.5,,2.4457548841463397,24.4575488414634,0.120012126579496,0.611767821192995,0.268220052227509,0.5768777689290412,66.11915656911461
Co1412,563.5,,1.36163930724638,13.6163930724638,0.0682431291579176,0.7361805693412522,0.19557630150082997,0.6712945786754841,55.48036268963046
Co1412,567.5,,1.46208924539877,14.620892453987699,0.0967335420393108,0.7097630198496141,0.193503438111075,0.6534154554860451,57.75030298276293
Co1412,571.5,,1.44068065714286,14.4068065714286,0.262918249576254,0.585301841171969,0.151779909251776,0.6045145724348011,58.35095831868017
Co1412,575.5,,1.46679324458204,14.667932445820401,0.104501731599764,0.6858843108020439,0.20961395759819298,0.6575418771662539,58.35074690263989
Co1412,579.5,,1.24463988847584,12.4463988847584,0.101133549991644,0.678028353497123,0.22083809651123398,0.6831123987002775,55.56113358669206
Co1412,583.5,,1.12481476923077,11.248147692307699,0.43148630986058006,0.437797598248239,0.130716091891181,0.6268271813232469,56.55211533411071
Co1412,587.5,,1.09586179816514,10.958617981651402,0.337866535902761,0.5106936468946249,0.15143981720261498,0.6722105164180414,56.55430187883069
Co1412,591.5,,1.8645971666666699,18.6459716666667,0.099356875742466,0.6957480116290699,0.20489511262846302,0.5952876860014387,63.25345045852906
Co1412,595.5,,2.42087192211838,24.208719221183802,0.0286359128456062,0.703142986678156,0.268221100476239,0.607183373521374,63.41945671670296
Co1412,599.5,,2.72799859661017,27.279985966101698,0.0280311269685978,0.7267592430630619,0.245209629968341,0.6010575696702738,63.53459895923614
Co1412,603.5,,2.8201429010988996,28.201429010989,0.0551364997939671,0.7227225070154141,0.22214099319061897,0.5839527328852634,63.56385382963471
PG1755,5.0,79.1893489283603,4.1895,41.895,0.25863572,0.7055,0.03587,0.4629942785538923,66.08230137832872
PG1755,25.0,79.0937317193898,4.01922625,40.1922625,0.1419665,0.7952,0.0629,0.46168634153696686,65.19750785294782
PG1755,45.0,75.937294966726,4.44418025,44.4418025,0.22598800000000002,0.7120000000000001,0.06171,0.49191185956937744,64.0879143264955
PG1755,81.0,,6.32564725,63.2564725,0.139245,0.8213,0.03971,0.4502903241266465,65.47885103756596
PG1755,121.0,,6.488514,64.88514,0.1483678,0.8087,0.04285,0.4551631229438743,64.3438544639131
PG1755,141.0,,3.8804440000000002,38.80444,0.09693015,0.8009,0.10248,0.4572160936734779,64.51008763914639
PG1755,151.0,,2.4528295,24.528295,0.07503666,0.677,0.248,0.5990517478815436,62.66006718042376
PG1755,177.0,50.4682535258376,1.8591229999999999,18.59123,0.0599504,0.7612,0.1791,0.5635646388604812,61.47632289352084
PG1755,181.0,33.949265009366,2.573644,25.736439999999998,0.0641668,0.7354,0.2005,0.5711520317762775,62.2610363355009
PG1755,197.0,49.456001392636395,1.6303425,16.303425,0.0529612,0.7804,0.1665,0.5457242063272001,60.74533654371523
PG1755,217.0,43.39321857815829,1.7303185,17.303185,0.04986213,0.7479,0.2025,0.6074617622355507,59.51608364650616
PG1755,237.0,42.4386259272342,1.5334145000000001,15.334145000000001,0.04785269,0.7972,0.155,0.5669135110659296,60.88228490585431
PG1755,247.0,41.6283026421137,1.52532875,15.2532875,0.0582563,0.7839,0.158,0.5696439388918765,61.01041361034737
PG1755,267.0,42.2860509049544,1.3789225,13.789225,0.05512276,0.7765,0.1682,0.6026237134252821,55.6449455475242
PG1755,287.0,42.497553862978,1.3387879999999999,13.38788,0.0821558,0.7392,0.1788,0.6411497122763665,56.15648217882696
PG1755,307.0,40.155991893871004,1.4157600000000001,14.1576,0.1477878,0.684,0.1682,0.5982485255513744,57.49278348780164
PG1755,327.0,40.610870340143705,1.29955525,12.995552499999999,0.148019,0.7734,0.07871,0.5986469503823197,56.03619784113162
PG1755,347.0,37.5611555486527,1.36229975,13.6229975,0.045608300000000004,0.7416,0.2131,0.6286243353858125,56.33027552208131
PG1755,367.0,37.7863908862044,1.28441025,12.8441025,0.06031841,0.7290000000000001,0.2106,0.6465579229634096,55.490706712067436
PG1755,387.0,36.5606629364686,1.30906625,13.0906625,0.057119399999999994,0.7417,0.2011,0.6401898216355238,56.34561282668189
PG1755,397.0,,1.30608469247817,13.0608469247817,0.05454083,0.7367,0.2087,0.6386297684860123,56.41565779876252
PG1755,407.0,40.245950390092,1.23093175,12.3093175,0.055373900000000004,0.737,0.2077,0.612826407692894,56.38670095739663
PG1755,432.0,38.8780705253032,1.309321,13.093210000000001,0.02059574,0.7636,0.2163,0.6390529346714315,56.43908461014576
PG1755,472.0,38.451096663570794,1.3814315000000001,13.814314999999999,3.3e-06,0.7704489999999999,0.2297,0.6457892285921696,55.677929117508015
PG1755,492.0,36.2181451176874,1.4502975,14.502975,0.0399546,0.7348,0.2251,0.6406356916040984,58.03207059761332
PG1755,512.0,41.3054435483871,1.42217375,14.2217375,0.037199,0.7351,0.2269,0.6444409905000844,56.252237776033645
PG1755,532.0,40.5225150637045,1.328376,13.283760000000001,0.0353341,0.7248,0.2398,0.7313973359875159,53.86372588598116
PG1755,552.0,42.8321807397928,1.40918575,14.091857500000001,0.02972438,0.7357,0.2347,0.641041663013868,56.28854826573977
PG1755,572.0,40.193317604079496,1.70897375,17.0897375,0.03683094,0.6966,0.2665,0.6472110393398265,63.00140424995211
PG1755,592.0,39.1747419910693,1.58842075,15.8842075,0.0508755,0.7113,0.2381,0.6349545140508219,63.79483013554351
PG1755,612.0,45.3631352595554,2.586868,25.868679999999998,0.053382000000000006,0.7273,0.2192,0.5840911370360663,63.336566612624814
PG1755,632.0,45.9058322030614,1.52529325,15.252932500000002,0.07270226,0.7129,0.2144,0.6425080634026122,61.20503842619583
PG1755,652.0,43.265837358896704,1.723701,17.23701,0.0350551,0.7452,0.2196,0.612780724642599,62.65307430823073
PG1755,667.0,43.1205577128324,1.9758794999999998,19.758795000000003,0.0408091,0.7219,0.2378,0.5903355604659422,63.872776114794604
PG1755,687.0,41.3487297921478,1.541409,15.41409,0.0248602,0.7144,0.2608,0.673506025521341,60.21641507508849
PG1755,707.0,43.5189925258523,1.775677,17.75677,0.0638869,0.7551,0.1808,0.6072424961569801,62.368413624802
PG1755,727.0,43.7135623533784,1.5478610000000002,15.47861,0.049812800000000004,0.7106,0.2397,0.6871879104650761,60.42741770148968
PG1755,747.0,47.2698388295283,1.965138,19.65138,0.03205825,0.7093,0.2581,0.6120396329770851,63.36046305288877
PG1755,767.0,39.0187979136766,1.771257,17.71257,0.025082,0.737,0.2379,0.6028532197587805,64.21949708520903
PG1755,787.0,35.9470316917126,2.0912545,20.912545,0.0001498,0.79342,0.2063,0.5614592572064718,62.313393506145296
PG1755,807.0,31.923704085135604,2.16702,21.6702,0.039701,0.7808,0.1797,0.5205515340460453,63.62604206886886
PG1755,827.0,30.727209958775898,2.196902,21.96902,0.0210777,0.7892,0.1896,0.5570310409070961,62.46684393712341
PG1755,847.0,30.270468602578898,2.012279,20.12279,0.03875580000000001,0.7878,0.1733,0.5153749252250487,63.81025898071293
PG1755,867.0,30.4794350226289,1.992975,19.92975,0.04145719999999999,0.7917,0.16699999999999998,0.5109876761147337,63.86762371618134
PG1755,887.0,30.7239607659972,2.1764015,21.764015,0.033725,0.7957,0.1706,0.5093574874126497,63.695017476929436
PG1755,907.0,31.472581638940202,2.1455029999999997,21.455029999999997,0.029991000000000004,0.7921,0.1778,0.5137463747262682,63.75077598444694
PG1755,927.0,26.5140763295745,1.773534,17.73534,0.0090339,0.8167,0.1745,0.5563110020481593,63.195150461741214
PG1756,10.0,67.4523305084745,4.2639515,42.639515,0.016854,0.6642,0.3189,0.5936773638278042,63.13237092240097
PG1756,20.0,62.5047750580353,3.8351735000000002,38.351735,0.013179,0.7792,0.2076,0.5334022809305059,62.15694785322767
PG1756,30.0,61.44907864429089,4.513063,45.13063,0.007409000000000001,0.6261,0.3665,0.576139970920165,64.1966190629858
PG1756,40.0,62.52118855319571,4.2820975,42.820975,0.008608,0.6524,0.33899999999999997,0.5984780792152774,62.18430529135004
PG1756,50.0,67.0812666921022,4.3990535,43.990534999999994,0.007406,0.6232,0.3694,0.5774402608129612,64.06222379369689
PG1756,60.0,58.2787950653319,3.7852464999999995,37.852465,0.022206,0.614,0.3638,0.5736274964798659,64.12377198931442
PG1756,70.0,51.33859152818629,3.6046605000000005,36.046605,0.023775,0.6621,0.3142,0.5949138404551243,62.54527701235101
PG1756,80.0,52.6027680231357,3.3990769999999997,33.99077,0.014006999999999999,0.5852,0.4008,0.5776511081263814,64.1743040401558
PG1756,90.0,52.051068223334106,3.7685545,37.685545,0.011719,0.6504,0.3379,0.5946794796670078,63.04016969140507
PG1756,100.0,55.12662896483889,3.3276230000000004,33.27623,0.016096,0.6378,0.3461,0.5945300447039628,63.10446233784713
PG1756,120.0,55.255717782091295,3.7582214999999994,37.582215000000005,0.008112999999999999,0.6373,0.3546,0.593982106239314,63.00238042499357
PG1756,140.0,52.0549834497977,3.4068455,34.068455,0.008609,0.6973,0.2941,0.5984279139146401,62.50422138901535
PG1756,160.0,55.5946203537011,3.617397,36.173970000000004,0.008787,0.61,0.3812,0.5775704377150055,64.68991342481726
PG1756,180.0,55.969179688909705,3.6290620000000002,36.290620000000004,0.007525,0.6573,0.3352,0.5938756101929067,62.646792418264376
PG1756,194.0,53.3284941578664,3.19259,31.9259,0.011295999999999999,0.8425,0.1462,0.47599832921731916,62.96687228794248
PG1756,214.0,52.9167315983586,3.3163980000000004,33.16398,0.002627,0.6895,0.3078,0.5965930809614614,62.587276618313304
PG1756,234.0,51.238497510936796,3.264551,32.645509999999994,0.006102000000000001,0.59,0.4039,0.5737327608642556,65.13474683720399
PG1756,254.0,54.601226993865005,3.7734045,37.734045,0.009625,0.6206,0.3698,0.5753380003244984,65.22892897178637
PG1756,274.0,54.32083812753589,3.9629255,39.629255,0.008449,0.6251,0.3665,0.5749130007796401,65.41319572743612
PG1756,294.0,52.638663362105795,3.5241675000000003,35.241675,0.008201,0.5742,0.4176,0.5741030440879628,65.93138022989325
PG1756,314.0,47.4824293435304,2.9949545,29.949545,0.015463999999999999,0.6125,0.3721,0.557559637521358,66.03373289102979
PG1756,334.0,42.96641017370871,2.68432,26.8432,0.012054,0.648,0.3399,0.5753120865137384,64.21455700891244
PG1756,354.0,53.9791083351282,3.8996275000000002,38.996275,0.007597,0.635,0.3574,0.5740337654545321,64.3889570951498
PG1756,374.0,54.3718462931815,4.87688,48.7688,0.010733,0.6126,0.3766,0.553747171691065,66.49002226212359
PG1756,394.0,56.9290682864701,3.7993125,37.993125,0.017862,0.5524,0.4297,0.5516757972640952,66.57853519487706
PG1756,414.0,48.7245531982196,2.421081,24.210810000000002,0.0224,0.4559,0.5217,0.5519615568435389,66.59521665922735
PG1756,434.0,32.3968432919955,1.4249395,14.249395000000002,0.118629,0.6568,0.2245,0.6362838442116507,57.019463396670446
PG1756,454.0,24.930268762567803,2.1210765,21.210765,0.193207,0.5673,0.2395,0.5616941442101301,66.5849414311744
PG1984,1.5,92.99516908212559,29.9371995925903,299.37199592590304,0.14810399999999999,0.7313,0.12081789999999999,0.26333947955718523,78.24624045788494
PG1984,5.5,93.2773109243697,28.302391052245998,283.02391052246,0.0955997,0.7859999999999999,0.11875999999999999,0.22702762954623826,78.66263834543518
PG1984,9.5,88.45460012026459,27.121134757995602,271.211347579956,0.0851283,0.7974,0.11746,0.19508264427083227,81.25951293593691
PG1984,11.5,89.09751665657178,26.507323265075602,265.073232650756,0.0164235,0.8339,0.14976040000000002,0.19832395032741082,80.99267698611654
PG1984,13.5,90.0116144018583,26.5174751281738,265.174751281738,0.181177,0.7058,0.11305699999999999,0.2604990457423573,78.19446440268419
PG1984,17.5,90.2851458885942,24.856050491332997,248.56050491332996,0.05777442,0.7953,0.14718,0.19925966351174648,81.0079808996145
PG1984,19.5,91.3430935709739,24.4602766036987,244.602766036987,0.12383949999999999,0.7439,0.13249,0.26316004962779,78.23399207183863
PG1984,21.5,91.6510903426791,24.100216865539497,241.00216865539502,0.05731725,0.7916,0.15098,0.19562707896168044,81.29208529924283
PG1984,25.5,92.0665387076136,22.5441274642944,225.441274642944,0.0832885,0.7825,0.13432,0.225191631080324,78.73649021281372
PG1984,27.5,92.07746478873241,23.7904157638549,237.904157638549,0.09641770000000001,0.7737,0.12955999999999998,0.22777533252960883,79.06918359675265
PG1984,29.5,91.4772727272727,22.4289150238037,224.289150238037,0.08015737,0.7865,0.13324,0.23053843512205524,78.35205829410336
PG1984,33.5,90.7068062827225,22.0808725357055,220.808725357055,0.0419596,0.7615,0.1964,0.30057344597565083,75.85449408880655
PG1984,35.5,90.5249679897567,21.0650405883789,210.65040588378898,0.0816484,0.7598,0.1584,0.27036233499399837,77.52342695472821
PG1984,37.5,90.2912621359223,20.2503643035888,202.503643035888,0.20875760000000002,0.6507,0.14049,0.27447054623571754,77.3398205133159
PG1984,39.5,90.35444509006392,20.4587974548339,204.587974548339,0.1442641,0.7142,0.14177,0.27388433743118745,77.32936168263666
PG1984,41.5,90.2810304449649,20.5060653686523,205.060653686523,0.14515441,0.7081,0.14676,0.27454568428345133,77.25402651773271
PG1984,43.5,91.32075471698109,20.8770017623901,208.770017623901,0.0836,0.7542,0.1623,0.2767876778854196,77.0614632411365
PG1984,47.5,90.8743169398907,19.458546638488702,194.585466384887,0.1019446,0.768,0.13017,0.2616957649388132,77.95516849197114
PG1984,49.5,90.3363914373089,18.6858978271484,186.858978271484,0.20396979999999998,0.6676,0.1288,0.27707063059938225,77.17058574601096
PG1984,51.5,89.1908212560387,17.3085870742797,173.085870742797,0.070975,0.7694,0.1595,0.3010951768488427,75.36599154437098
PG1984,53.5,89.0532544378698,17.5876770019531,175.876770019531,0.0951392,0.7603,0.14468,0.31607086933209333,74.36003001292056
PG1984,55.5,87.217598097503,15.5253529548645,155.253529548645,0.09804760000000001,0.7517,0.14992,0.43595268572620494,67.14647103674183
PG1984,57.5,84.46215139442229,14.084261894226,140.84261894226,0.06878649,0.7732,0.15830999999999998,0.3788626447540425,69.33006199477427
PG1984,59.5,82.051282051282,14.8668589591979,148.668589591979,0.1316281,0.7088,0.15924000000000002,0.4293606503349407,67.54119539314568
PG1984,61.5,82.58293838862559,15.3807277679443,153.807277679443,0.08346877,0.7559,0.16032000000000002,0.4355009591396706,66.94107944220971
PG1984,63.5,83.95721925133691,15.989295005798303,159.892950057983,0.1609319,0.6754,0.16359,0.32530249456011545,73.76119946205739
PG1984,65.5,83.433014354067,15.4141879081726,154.141879081726,0.10435819999999998,0.7213,0.174,0.447981022654998,67.1690251670994
PG1984,67.5,82.8276699029126,14.5050063133239,145.050063133239,0.0986787,0.7267,0.17448,0.44774050637772683,67.3094638378204
PG1984,69.5,80.7017543859649,14.0352411270141,140.352411270141,0.0803596,0.753,0.1666,0.44939935117778834,66.6959214661071
PG1984,71.5,81.0716365754222,13.8368787765502,138.368787765502,0.15115692,0.6974,0.15137,0.4451745208770784,66.78678546270037
PG1984,73.5,82.3529411764706,15.3966007232666,153.966007232666,0.12230063,0.6996,0.17800000000000002,0.45271288555403094,67.20208100256366
PG1984,75.5,84.7087378640777,16.3517665863037,163.517665863037,0.1924445,0.6494,0.15798,0.32327589926142064,74.06943963135335
PG1984,77.5,83.1290134267367,13.831318378448401,138.313183784484,0.1161529,0.7428,0.141,0.4464139275207166,66.79271703577399
PG1984,79.5,81.9179664933564,12.643809795379601,126.438097953796,0.10645117,0.7351,0.1582,0.4492302504209209,66.71372854999079
PG1984,81.5,76.6088416340235,8.11570644378662,81.1570644378662,0.1176823,0.7294,0.1527,0.5109430214100645,63.936210677020064
PG1984,83.5,71.2062256809339,6.45595216751098,64.55952167510979,0.09692319,0.7442,0.1584,0.5178561866314516,63.282087928000976
PG1984,85.5,62.737262737262704,5.72025775909423,57.2025775909423,0.1345134,0.7291,0.1367,0.5094505034142848,64.05483391570742
PG1984,87.5,61.2294288480155,5.59472131729125,55.947213172912505,0.13179474,0.7357,0.1329,0.5085289013773717,64.05953923754133
PG1984,89.5,62.9590207557211,6.22764992713928,62.276499271392794,0.11557548,0.745,0.1397,0.514664538464975,63.34902068937027
PG1984,91.5,66.4248704663213,6.81807851791381,68.1807851791381,0.21073607,0.6702,0.11921,0.4862481263881982,64.33662429825348
PG1984,93.5,65.8136166103332,7.70017147064208,77.0017147064208,0.12750419999999998,0.7241,0.1481,0.5087831542588344,63.72536676590362
PG1984,95.5,65.7894736842105,7.546323299407951,75.4632329940795,0.088635,0.7498,0.1611,0.5156968205004246,62.80231944343191
PG1984,97.5,66.7740203972088,7.69613528251647,76.9613528251647,0.13274779999999997,0.7311,0.13599,0.5076247416707798,63.54523483750505
PG1984,99.5,65.1709401709402,6.99665832519531,69.96658325195311,0.12911334,0.7121,0.1589,0.5080620193613368,63.33051730092527
PG1984,101.5,61.148473874806,5.595294713973991,55.9529471397399,0.08843599,0.7607,0.1509,0.516921675540935,62.52492204030966
PG1984,103.5,61.407249466951,6.07846140861511,60.7846140861511,0.12353650000000001,0.7352,0.1413,0.5080582257517352,63.6897933944099
PG1984,105.5,57.680412371134004,5.20269346237182,52.026934623718205,0.12043569999999999,0.7356,0.1442,0.5081515529769826,63.67580456622285
PG1984,107.5,58.1056466302368,5.58430957794189,55.843095779418896,0.212333,0.6467,0.1409,0.5049956198638125,64.44912278023308
PG1984,109.5,56.8541780447843,4.558265924453731,45.5826592445373,0.08623120000000001,0.7365,0.1772,0.525541133218887,63.31266219193753
PG1984,111.5,46.4893153074575,3.38596868515014,33.8596868515014,0.0640889,0.7716,0.1646,0.49447857885140795,63.63679045684047
PG1984,113.5,35.1204351204351,1.97529155015945,19.7529155015945,0.1214267,0.7438,0.1349,0.5238847985117502,62.8178093051742
PG1984,115.5,32.7019713954387,1.60725194215774,16.0725194215774,0.19937370000000001,0.6803,0.12036,0.57470864405186,62.63991422047512
PG1984,117.5,28.9097875304772,1.66712462902069,16.6712462902069,0.19731529999999997,0.684,0.11837,0.5586429460339082,62.730883842290694
PG1984,119.5,30.101848359109802,1.76378816366195,17.6378816366195,0.1774664,0.6936,0.12877,0.556799716503306,62.710297576887264
PG2133,2.0,,4.68744802474975,46.8744802474975,0.102222001944507,0.8329360140115308,0.0648419840439615,0.433513940812541,67.61388462254673
PG2133,4.0,,5.48548674583435,54.8548674583435,0.030241266748983996,0.8473089642327859,0.122449769018229,0.4365421681889544,67.53828045250346
PG2133,6.0,,5.288710832595821,52.8871083259582,0.0349646747357633,0.827636001115356,0.13739932414888098,0.44777316553049057,67.46332172683127
PG2133,18.0,,6.75234508514404,67.5234508514404,0.0321362500691184,0.9027404540005011,0.06512329593038,0.4588277851349193,65.18795379678188
PG2133,28.0,,5.25146579742431,52.5146579742431,0.0342344406205614,0.8785031553106291,0.0872624040688099,0.45575826527692237,65.19221569106537
PG2133,38.0,,3.6394200325012203,36.3942003250122,0.00683481802501995,0.880911050521554,0.112254131453426,0.46134882714863806,65.17778985653476
PG2133,48.0,,4.525455474853509,45.2545547485351,0.0191196825962383,0.869114811852451,0.11176550555131098,0.45855206531157566,65.61614884219108
PG2133,58.0,,3.4893958568572905,34.8939585685729,0.00916541248130923,0.8605848853102851,0.130249702208405,0.4635628827714266,65.84269833416056
PG2133,67.0,,2.8281569480895903,28.2815694808959,0.0102798336908333,0.8063408333620949,0.183379332947071,0.5258293856385654,63.24864571274197
PG2133,76.0,,1.3197903037071201,13.1979030370712,0.0026299140154536,0.8230688993170949,0.174301186667451,0.5437460330801877,61.14170806203077
PG2133,78.0,,1.09336501359939,10.9336501359939,0.00907487953489348,0.7937015938096641,0.197223526655443,0.4841280263418755,64.47719328933505
PG2133,80.0,,0.79183405637741,7.918340563774099,0.0405666315639529,0.747059879571423,0.21237348886462398,0.5465747074716627,61.325642485228215
PG2133,82.0,,0.711190670728683,7.11190670728683,0.0681452288811984,0.675311019294452,0.25654375182435,0.5797922883419251,56.04130214885756
PG2133,86.0,,0.6320494413375849,6.32049441337585,0.0264986849260849,0.496114609849139,0.47738670522477594,0.5821378965381561,54.73192639407956
PG2133,97.0,,0.729912549257278,7.299125492572781,0.0037441252712015795,0.7101961551118091,0.286059719616989,0.5702456205343551,56.23044712969465
PG2133,107.0,,0.38749732077121707,3.87497320771217,0.0175441804070595,0.6727370608129171,0.309256531403854,0.6662377843996303,45.607813194923864
PG2133,147.0,,0.6361537277698511,6.36153727769851,0.0020762050487834896,0.5678722011623101,0.430051593788907,0.6234638327224042,54.24583326839021
PG2133,167.0,,0.680225133895874,6.80225133895874,0.00220940166839935,0.642893518034088,0.35489708029751205,0.6297059093444369,53.80984241950814
PG2133,177.0,,0.748787194490432,7.48787194490432,0.0170961342400731,0.65483110422994,0.32757150760068104,0.6213661077194376,55.84779254281831
PG2133,187.0,,0.6689530313014979,6.689530313014981,0.015750986885658003,0.6937815956922171,0.289914033546201,0.6496498871948954,54.810632363953935
PG2133,195.0,,0.754977911710739,7.5497791171073905,0.00181330543073624,0.686606111919693,0.31158058264957106,0.6622110293289989,55.57894356967788
PG2133,196.0,,0.6777289807796469,6.77728980779647,0.0030707150035344,0.6948008450538659,0.30212843994259997,0.6724447636599241,54.69857918849752
PG2133,197.0,,0.6562870442867271,6.562870442867269,0.00553677829042831,0.6982800668013429,0.296183154908229,0.6794623526844856,54.79410389827325
PG2133,198.0,,0.721175253391265,7.211752533912651,0.0037801391619616703,0.8445326591796859,0.151687201658353,0.6713913971128843,54.95160875338553
PG2133,199.0,,0.757842928171157,7.57842928171157,0.00801081504580416,0.7926323297395229,0.19928862784327303,0.6609671504483458,55.84157609281616
PG2133,200.0,,0.717315435409545,7.173154354095451,0.0148179949854065,0.687108429183471,0.29734477268512605,0.6837732997289755,54.87037401924503
PG2133,201.0,,0.6576346158981321,6.576346158981321,0.007668655853102921,0.658380475727707,0.33395086841919003,0.7046151990740055,53.77732974946924
PG2133,202.0,,0.71276980638504,7.1276980638504,0.0103550254211959,0.7961186203489269,0.193526354229877,0.6785596452651681,55.07293902659045
PG2133,203.0,,0.72373941540718,7.2373941540718,0.0106391248678409,0.872682861165922,0.116678013966237,0.6809736119150694,54.62237829988605
PG2133,204.0,,0.777986913919448,7.7798691391944805,0.0124895186066763,0.882871185704591,0.104639295688733,0.6812986296078928,54.71372361698975
PG2133,214.0,,0.675102472305297,6.7510247230529705,0.0061082634081048,0.7905406072685329,0.203351129323362,0.6814048414027851,54.93770022381048
PG2133,214.5,,0.7984962463378901,7.9849624633789,0.00497493110240149,0.7527238482322909,0.24230122066530702,0.6798554254111554,55.0380045556779
PG2133,215.0,,0.7559794187545771,7.559794187545769,0.0154914093593157,0.75318465176337,0.231228742636507,0.6676944477988255,55.79408790940569
PG2133,215.5,,0.8132809698581691,8.13280969858169,0.0110175535051534,0.73321958844292,0.255762858051926,0.686770984756336,55.06176392901613
PG2133,216.0,,0.890144199132919,8.90144199132919,0.0090087810775029,0.661274681763634,0.32925016681528496,0.6882016052014002,55.65214811236616
PG2133,216.5,,0.8453216552734371,8.45321655273437,0.0097478729545702,0.7070058718784459,0.283245573322081,0.6801177547853576,55.46362783293065
PG2133,217.0,,0.75709643959999,7.5709643959999005,0.005415071795464179,0.7858858135710451,0.20869911463349103,0.6644583593166313,55.75841295739781
PG2133,217.5,,0.76405319571495,7.640531957149499,0.00919100877219823,0.8134598266887121,0.17734916453908897,0.6630933166863491,55.546571681819486
PG2133,218.0,,0.7646187543869009,7.646187543869011,0.00646293236781619,0.792483007634843,0.201054059997341,0.66328817627955,55.65955750679833
PG2133,218.5,,0.7231616377830501,7.231616377830499,0.009014755600145091,0.7507569617089599,0.24022828269089497,0.6868715769981513,54.881148251142875
PG2133,219.0,,0.7888807952404019,7.8888079524040196,0.0113317508531045,0.6647018527060871,0.32364588519674603,0.6894076650934897,55.01216466393236
PG2133,219.5,,0.7732321619987479,7.732321619987481,0.0037745976862775103,0.692282339654212,0.303943062659511,0.669700252352281,55.33888004524171
PG2133,220.0,,0.645378649234771,6.45378649234771,0.00470122084016203,0.8026133201693142,0.192685458990524,0.6754600966163232,55.047139788078205
PG2133,230.0,,0.7408280074596401,7.408280074596401,0.016428878590463998,0.7992965665010409,0.18427455490849498,0.6682171107088082,55.30423945887133
PG2133,240.0,,0.89238366484642,8.9238366484642,0.0282013794775971,0.7542927861514559,0.217505834370947,0.6584486191410188,56.45387654022183
PG2133,250.0,,0.7648343443870541,7.64834344387054,0.007465391973787659,0.809187336450105,0.183347271576108,0.6641865653782604,54.955641646283105
PG2133,260.0,,0.830956041812896,8.30956041812896,0.0231787259584659,0.752516397852726,0.224304876188808,0.6951822584942515,55.74588624716771
PG2133,270.0,,0.919390976428985,9.19390976428985,0.0114418258221932,0.754271279184253,0.23428554210957603,0.6936963898167481,56.034160978635484
PG2133,280.0,,0.718927472829818,7.18927472829818,0.0129748935902094,0.8121902054210121,0.174834900988779,0.7012261450976548,54.83871807500926
PG2133,290.0,,0.857604026794433,8.57604026794433,0.00999324580210895,0.81646510372372,0.173541650474171,0.6665694125282882,55.40238704054337
PG2133,300.0,,0.834167778491973,8.34167778491973,0.00969849338010449,0.7617173569828131,0.228584149637083,0.676510292133893,55.6325647429326
PG2133,310.0,,1.04495251178741,10.4495251178741,0.0294962568562228,0.669302657649646,0.300953857429391,0.6241495724213479,54.59418158942461
PG2133,320.0,,0.678804755210876,6.78804755210876,0.0564692512246391,0.7908562642304741,0.15267448454488597,0.6730062821647198,54.766737266508926
PG2133,330.0,,0.7287446856498709,7.28744685649871,0.0657128290799962,0.8038167992418209,0.130470371678183,0.6920821583746797,54.86925777004087
PG2133,340.0,,0.6887886226177211,6.887886226177209,0.0612766725365625,0.8129070629938041,0.125816264469633,0.688957944844553,55.15422726010881
PG2133,350.0,,0.670191198587417,6.70191198587417,0.0356918025708636,0.8820967300308069,0.0822114673983293,0.7216044813420754,51.82268137823473
PG2133,370.0,,0.6857763528823849,6.85776352882385,0.0474330835375326,0.8533311997832209,0.0992357166792459,0.7177780489735888,54.13427569590192
PG2208,74.5,41.1,7.682019710540769,76.8201971054077,0.2917,0.6596,0.0488,0.48046368914586457,64.60983140035435
PG2208,84.5,39.5,7.74716520309448,77.4716520309448,0.3276,0.6262,0.0458,0.4567011270456292,66.88535909037614
PG2208,94.5,46.1,7.47844457626342,74.7844457626342,0.2368,0.7022,0.0613,0.48638016057530353,64.04101772413148
PG2208,126.5,44.3,6.79375672340393,67.93756723403929,0.2044,0.7379,0.0578,0.4864500736719547,63.86676897018839
PG2208,136.5,42.3,6.41394352912902,64.13943529129021,0.1561,0.7419,0.1021,0.48106850041101085,64.22014932819718
PG2208,156.5,42.6,5.90226674079895,59.0226674079895,0.3994,0.5666,0.034,0.4549742351387682,67.51075977771286
PG2208,166.5,44.4,7.485282897949211,74.85282897949209,0.1623,0.7527,0.085,0.4884146288408681,63.13465798931537
PG2208,186.5,45.2,7.48893070220947,74.88930702209471,0.2494,0.6835,0.0671,0.48765748919963436,63.612031846235375
PG2208,196.5,36.8,6.47677373886108,64.7677373886108,0.1966,0.7256,0.0777,0.48321744242485826,63.64830454512307
PG2208,216.5,40.2,5.51505351066589,55.1505351066589,0.0776,0.7926,0.1297,0.4758367148339078,63.201642488028966
PG2208,228.5,48.2,5.757735013961789,57.5773501396179,0.2849,0.6508,0.0641,0.48698000178380635,64.54657825877418
PG2208,238.5,43.4,5.4881088733673,54.881088733673,0.2651,0.6636,0.0716,0.48207259625015597,64.31463319419906
PG2208,246.5,41.1,4.90220093727111,49.0220093727111,0.0935,0.7511,0.1559,0.5176558214149726,62.421769136371644
PG2208,258.5,45.3,5.55563068389892,55.5563068389892,0.1543,0.7569,0.0884,0.492846149742998,62.8380105917464
PG2208,268.5,43.6,4.6272826194763095,46.2728261947631,0.151,0.7365,0.1125,0.4841733422454687,63.90166521782851
PG2208,288.5,32.4,2.05080413818359,20.5080413818359,0.0127,0.8384,0.1491,0.4897369799412751,63.98932035243396
PG2208,357.5,26.8,0.6878642439842221,6.87864243984222,0.006999999999999999,0.6474,0.3454,0.7592581815045815,53.51060703752027
