CoreID,CompositeDepth,TOC_percent,TOC_mg_g
BN2016-1,12,5.13,51.3
BN2016-1,14,5.27,52.7
BN2016-1,19,3,30
BN2016-1,22,5.05,50.5
BN2016-1,24,4.43,44.3
BN2016-1,26,3.82,38.2
BN2016-1,29,6.16,61.6
BN2016-1,31,3.61,36.1
BN2016-1,34,3.84,38.4
BN2016-1,36,4.43,44.3
BN2016-1,38,4.82,48.2
BN2016-1,41,4.45,44.5
BN2016-1,43,3.69,36.9
BN2016-1,46,4.11,41.1
BN2016-1,48,6.17,61.7
BN2016-1,50,4.89,48.9
BN2016-1,53,3.93,39.3
BN2016-1,55,5.14,51.4
BN2016-1,58,6.07,60.7
BN2016-1,60,3.64,36.4
BN2016-1,62,4.32,43.2
BN2016-1,65,4.74,47.4
BN2016-1,70,5.26,52.6
BN2016-1,72,4.79,47.9
BN2016-1,74,3.49,34.9
BN2016-1,77,4.99,49.9
BN2016-1,79,3.66,36.6
BN2016-1,82,3.34,33.4
BN2016-1,84,3.46,34.6
BN2016-1,86,4.79,47.9
BN2016-1,89,3.66,36.6
BN2016-1,91,3.55,35.5
BN2016-1,94,4.63,46.3
BN2016-1,96,3.97,39.7
BN2016-1,98,5.74,57.4
BN2016-1,101,4.94,49.4
BN2016-1,103,4.25,42.5
BN2016-1,106,3.85,38.5
BN2016-1,112,4.89,48.9
CON01-603-5,147,0.31,3.1
CON01-603-5,149,0.31,3.1
CON01-603-5,151,0.36,3.6
CON01-603-5,153,0.31,3.1
CON01-603-5,155,0.32,3.2
CON01-603-5,157,0.32,3.2
CON01-603-5,159,0.3,3
CON01-603-5,161,0.28,2.8
CON01-603-5,163,0.29,2.9
CON01-603-5,165,0.27,2.7
CON01-603-5,167,0.27,2.7
CON01-603-5,169,0.35,3.5
CON01-603-5,171,0.42,4.2
CON01-603-5,173,0.31,3.1
CON01-603-5,175,0.34,3.4
CON01-603-5,177,0.32,3.2
CON01-603-5,179,0.38,3.8
CON01-603-5,181,0.4,4
CON01-603-5,183,0.39,3.9
CON01-603-5,185,0.4,4
CON01-603-5,187,0.44,4.4
CON01-603-5,189,0.44,4.4
CON01-603-5,191,0.42,4.2
CON01-603-5,193,0.44,4.4
CON01-603-5,195,0.5,5
CON01-603-5,197,0.42,4.2
CON01-603-5,199,0.62,6.2
CON01-603-5,201,0.58,5.8
CON01-603-5,203,0.6,6
CON01-603-5,205,0.61,6.1
CON01-603-5,207,0.68,6.8
CON01-603-5,209,0.65,6.5
CON01-603-5,211,0.72,7.2
CON01-603-5,213,0.46,4.6
CON01-603-5,215,0.49,4.9
CON01-603-5,217,0.55,5.5
CON01-603-5,219,0.51,5.1
CON01-603-5,221,0.51,5.1
CON01-603-5,223,0.55,5.5
CON01-603-5,225,0.34,3.4
CON01-603-5,227,0.34,3.4
CON01-603-5,229,0.38,3.8
CON01-603-5,231,0.41,4.1
CON01-603-5,233,0.47,4.7
CON01-603-5,235,0.43,4.3
CON01-603-5,237,0.46,4.6
CON01-603-5,239,0.58,5.8
CON01-603-5,241,0.58,5.8
CON01-603-5,243,0.59,5.9
CON01-603-5,245,0.61,6.1
CON01-603-5,247,0.67,6.7
CON01-603-5,249,0.67,6.7
CON01-603-5,251,0.6,6
CON01-603-5,253,0.62,6.2
CON01-603-5,255,0.64,6.4
CON01-603-5,257,0.63,6.3
CON01-603-5,259,0.64,6.4
CON01-603-5,261,0.62,6.2
CON01-603-5,263,0.67,6.7
CON01-603-5,265,0.61,6.1
CON01-603-5,267,0.58,5.8
CON01-603-5,269,0.62,6.2
CON01-603-5,271,0.62,6.2
CON01-603-5,273,0.6,6
CON01-603-5,275,0.6,6
CON01-603-5,277,0.63,6.3
CON01-603-5,279,0.56,5.6
CON01-603-5,281,0.6,6
CON01-603-5,283,0.55,5.5
CON01-603-5,285,0.58,5.8
CON01-603-5,287,0.63,6.3
CON01-603-5,289,0.54,5.4
CON01-603-5,291,0.6,6
CON01-603-5,293,0.54,5.4
CON01-603-5,295,0.59,5.9
CON01-603-5,297,0.47,4.7
CON01-603-5,299,0.6,6
CON01-603-5,301,0.53,5.3
CON01-603-5,303,0.59,5.9
CON01-603-5,305,0.58,5.8
CON01-603-5,307,0.52,5.2
CON01-603-5,309,0.51,5.1
CON01-603-5,311,0.5,5
CON01-603-5,313,0.49,4.9
CON01-603-5,315,0.53,5.3
CON01-603-5,317,0.61,6.1
CON01-603-5,319,0.57,5.7
CON01-603-5,321,0.43,4.3
CON01-603-5,323,0.46,4.6
CON01-603-5,325,0.45,4.5
CON01-603-5,327,0.43,4.3
CON01-603-5,329,0.46,4.6
CON01-603-5,331,0.56,5.6
CON01-603-5,333,0.48,4.8
CON01-603-5,335,0.48,4.8
CON01-603-5,337,0.48,4.8
CON01-603-5,339,0.46,4.6
CON01-603-5,341,0.41,4.1
CON01-603-5,343,0.42,4.2
CON01-603-5,344,0.44,4.4
ESM-1,7.75,31.534,315.34
ESM-1,19.75,27.855,278.55
ESM-1,31.75,28.176,281.76
ESM-1,43.75,27.188,271.88
ESM-1,51.75,31.366,313.66
ESM-1,63.75,29.662,296.62
ESM-1,71.75,30.196,301.96
ESM-1,83.75,28.438,284.38
ESM-1,95.75,30.546,305.46
ESM-1,104.75,30.907,309.07
ESM-1,119.5,23.532,235.32
ESM-1,129.5,26.622,266.22
ESM-1,139.5,25.363,253.63
ESM-1,149.5,31.239,312.39
ESM-1,164.5,30.865,308.65
ESM-1,174.5,29.46,294.6
ESM-1,184.5,29.272,292.72
ESM-1,194.5,29.57,295.7
ESM-1,204.5,30.444,304.44
ESM-1,214.5,30.782,307.82
ESM-1,224.5,30.512,305.12
ESM-1,229.5,27.224,272.24
ESM-1,234.5,27.362,273.62
ESM-1,244.5,27.831,278.31
ESM-1,254.5,29.496,294.96
ESM-1,264.5,28.294,282.94
ESM-1,274.5,27.779,277.79
ESM-1,284.5,30.261,302.61
ESM-1,294.5,33.971,339.71
ESM-1,304.5,31.17,311.7
ESM-1,314.5,31.771,317.71
ESM-1,329.5,31.524,315.24
ESM-1,334.5,29.458,294.58
ESM-1,349.5,32.235,322.35
ESM-1,360.5,30.652,306.52
ESM-1,370.5,31.308,313.08
LS-9,0.5,11.36,113.6
LS-9,0.5,11.01,110.1
LS-9,5.5,10.56,105.6
LS-9,10.5,8.94,89.4
LS-9,15.5,9.56,95.6
LS-9,20.5,8.18,81.8
LS-9,25.5,7.35,73.5
LS-9,30.5,9.32,93.2
LS-9,35.5,7.88,78.8
LS-9,35.5,9.79,97.9
LS-9,42.5,7.93,79.3
LS-9,49.5,7.52,75.2
LS-9,56.5,6.04,60.4
LS-9,61,11.65,116.5
LS-9,68,7,70
LS-9,75,7.9,79
LS-9,82,6.63,66.3
LS-9,82,7.21,72.1
LS-9,89,8.32,83.2
LS-9,96,7.26,72.6
LS-9,103,7.56,75.6
LS-9,110,8.39,83.9
LS-9,117,10.35,103.5
LS-9,124,7.95,79.5
LS-9,131,8.53,85.3
LS-9,131,8.49,84.9
LS-9,138,9.31,93.1
LS-9,145,9.76,97.6
LS-9,152,11.67,116.7
LS-9,159,12.4,124
LS-9,166,9.22,92.2
LS-9,173,7.1,71
LS-9,180,6.77,67.7
LS-9,180,6.96,69.6
LS-9,187,10.24,102.4
LS-9,194,11.38,113.8
LS-9,201,8.47,84.7
LS-9,201,11.51,115.1
LS-9,208,10.68,106.8
LS-9,215,8.91,89.1
LS-9,222,9.59,95.9
LS-9,229,16.11,161.1
LS-9,236,12.32,123.2
LS-9,243,12.05,120.5
LS-9,249,9.6,96
LS-9,249,9.68,96.8
LS-9,256,11.2,112
LS-9,263,14.24,142.4
LS-9,270,8.48,84.8
LS-9,277,8.8,88
LS-9,284,12.6,126
LS-9,291,11.49,114.9
LS-9,298,11.57,115.7
LS-9,298,13.16,131.6
LS-9,305,6.12,61.2
LS-9,315.5,1.45,14.5
LS-9,326,3.26,32.6
LS-9,336.5,7.94,79.4
LS-9,354,2.5,25
PER3,10,0.2799,2.799
PER3,20,0.3605,3.605
PER3,30,0.8694,8.694
PER3,40,2.5398,25.398
PER3,50,6.92,69.2
PER3,60,7.5742,75.742
PER3,70,8.6,86
PER3,80,8.8822,88.822
PER3,90,7.3965,73.965
PER3,100,5.5671,55.671
PER3,110,3.2005,32.005
PER3,120,5.3312,53.312
PER3,130,0.4639,4.639
PER3,140,0.1232,1.232
PER3,150,0.1668,1.668
PER3,160,7.63,76.3
PER3,170,1.2765,12.765
PER3,180,0.2947,2.947
PER3,190,6.91,69.1
PER3,200,6.8652,68.652
PER3,210,6.4428,64.428
PER3,220,7.21,72.1
PER3,230,8.9155,89.155
PER3,240,7.0264,70.264
PER3,260,7.8562,78.562
PER3,270,9.5515,95.515
PER3,280,6.4129,64.129
PER3,290,6.0448,60.448
PER3,300,9.3344,93.344
PER3,310,8.213,82.13
PER3,320,6.9121,69.121
PER3,330,5.61,56.1
PER3,340,5.37,53.7
PER3,350,4.4075,44.075
PER3,360,3.3864,33.864
PER3,370,6.18,61.8
PER3,380,6.9231,69.231
PER3,390,5.1623,51.623
PER3,400,7.6344,76.344
PER3,410,8.8523,88.523
PER3,420,6.7531,67.531
PER3,430,0.1644,1.644
PER3,440,4.2624,42.624
PER3,450,2.8299,28.299
PER3,460,6.29,62.9
PER3,470,3.1447,31.447
PER3,480,2.4467,24.467
PER3,490,3.4331,34.331
PER3,500,0.5072,5.072
PER3,510,4.4464,44.464
PER3,520,5.842,58.42
PER3,530,6.0339,60.339
PER3,540,5.1792,51.792
PER3,550,6.4156,64.156
PER3,560,6.1555,61.555
PER3,570,5.62,56.2
PER3,580,3.1462,31.462
PER3,590,4.2391,42.391
PER3,600,5.7143,57.143
PER3,610,5.0154,50.154
PER3,620,5.62,56.2
PER3,630,8.0289,80.289
PER3,640,7.02,70.2
PER3,650,43.6356,436.356
PER3,660,40.93095,409.3095
PER3,671,50.7238,507.238
PER3,680,50.3888,503.888
PER3,690,48.61,486.1
PG1111,0.25,0.94,9.4
PG1111,1.25,0.94,9.4
PG1111,1.75,0.94,9.4
PG1111,2.25,0.97,9.7
PG1111,3,0.807,8.07
PG1111,3,0.94,9.4
PG1111,4,0.77,7.7
PG1111,5,0.74,7.4
PG1111,6,0.707,7.07
PG1111,6,0.72,7.2
PG1111,7,0.71,7.1
PG1111,8,0.9,9
PG1111,9,0.84,8.4
PG1111,10,0.93,9.3
PG1111,11,0.831,8.31
PG1111,11,0.88,8.8
PG1111,13,0.91,9.1
PG1111,14,1.11,11.1
PG1111,15,0.81,8.1
PG1111,16,0.785,7.85
PG1111,16,0.84,8.4
PG1111,17,0.76,7.6
PG1111,22,0.72,7.2
PG1111,32,0.657,6.57
PG1111,47,0.744,7.44
PG1111,54,0.626,6.26
PG1111,64,0.611,6.11
PG1111,74,0.631,6.31
PG1111,109,0.645,6.45
PG1111,119,0.587,5.87
PG1111,129,0.636,6.36
PG1111,139,0.616,6.16
PG1111,149,0.638,6.38
PG1111,159,0.569,5.69
PG1111,184,0.667,6.67
PG1111,194,0.704,7.04
PG1111,204,0.655,6.55
PG1111,214,0.69,6.9
PG1111,224,0.663,6.63
PG1111,234,0.641,6.41
PG1111,244,0.556,5.56
PG1111,254,0.681,6.81
PG1111,264,0.695,6.95
PG1111,274,0.726,7.26
PG1111,284,0.778,7.78
PG1111,294,0.814,8.14
PG1111,304,0.746,7.46
PG1111,307,0.687,6.87
PG1111,317,0.688,6.88
PG1111,327,0.693,6.93
PG1111,337,0.728,7.28
PG1111,347,0.691,6.91
PG1111,357,0.71,7.1
PG1111,367,0.532,5.32
PG1111,377,0.557,5.57
PG1111,387,0.548,5.48
PG1111,397,0.53,5.3
PG1111,407,0.553,5.53
PG1111,417,0.525,5.25
PG1111,427,0.595,5.95
PG1111,437,0.612,6.12
PG1111,447,0.621,6.21
PG1111,457,0.538,5.38
PG1111,467,0.516,5.16
PG1111,477,0.503,5.03
PG1111,482,0.45,4.5
PG1111,492,0.457,4.57
PG1111,502,0.48,4.8
PG1111,507,0.679,6.79
PG1111,517,0.915,9.15
PG1111,527,0.788,7.88
PG1111,542,0.875,8.75
PG1111,552,0.879,8.79
PG1111,562,0.87,8.7
PG1111,572,0.86,8.6
PG1111,592,0.765,7.65
PG1111,595,0.72,7.2
PG1111,615,0.665,6.65
PG1111,625,0.705,7.05
PG1111,630,0.731,7.31
PG1111,640,0.67,6.7
PG1111,655,0.548,5.48
PG1111,660,0.49,4.9
PG1111,670,0.576,5.76
PG1111,675,0.531,5.31
PG1111,680,0.554,5.54
PG1111,690,0.64,6.4
PG1111,710,0.666,6.66
PG1111,720,0.694,6.94
PG1111,730,0.572,5.72
PG1111,740,0.382,3.82
PG1111,750,0.349,3.49
PG1111,760,0.255,2.55
PG1111,770,0.236,2.36
PG1111,790,0.204,2.04
PG1111,800,0.194,1.94
PG1111,810,0.174,1.74
PG1111,820,0.182,1.82
PG1111,830,0.187,1.87
PG1111,840,0.185,1.85
PG1111,850,0.183,1.83
PG1111,860,0.111,1.11
PG1111,870,0.148,1.48
PG1111,880,0.097,0.97
PG1111,890,0.145,1.45
PG1111,900,0.09,0.9
PG1111,910,0.097,0.97
PG1111,920,0.105,1.05
PG1111,930,0.107,1.07
PG1111,940,0.106,1.06
PG1111,950,0.084,0.84
PG1111,960,0.097,0.97
PG1111,970,0.089,0.89
PG1111,980,0.103,1.03
PG1111,990,0.127,1.27
PG1111,1000,0.085,0.85
PG1111,1010,0.084,0.84
PG1111,1020,0.091,0.91
PG1111,1030,0.078,0.78
PG1111,1040,0.083,0.83
PG1111,1050,0.058,0.58
PG1111,1060,0.096,0.96
PG1111,1070,0.119,1.19
PG1111,1080,0.101,1.01
PG1111,1090,0.119,1.19
PG1111,1100,0.049,0.49
PG1111,1110,0.118,1.18
PG1341,1,1.17,11.7
PG1341,17,0.73,7.3
PG1341,33,0.77,7.7
PG1341,49,0.7,7
PG1341,65,0.72,7.2
PG1341,81,0.63,6.3
PG1341,97,0.85,8.5
PG1341,113,0.65,6.5
PG1341,129,0.7,7
PG1341,145,0.72,7.2
PG1341,161,0.7,7
PG1341,177,0.69,6.9
PG1341,193,0.69,6.9
PG1341,209,0.66,6.6
PG1341,219,0.7,7
PG1341,225,0.67,6.7
PG1341,233,0.69,6.9
PG1341,241,0.65,6.5
PG1341,249,0.66,6.6
PG1341,257,0.68,6.8
PG1341,265,0.61,6.1
PG1341,281,0.52,5.2
PG1341,297,0.56,5.6
PG1341,313,0.51,5.1
PG1341,329,0.49,4.9
PG1341,345,0.46,4.6
PG1341,361,0.81,8.1
PG1341,377,0.81,8.1
PG1341,393,0.87,8.7
PG1341,409,0.77,7.7
PG1341,425,0.68,6.8
PG1341,441,0.68,6.8
PG1341,457,0.62,6.2
PG1341,465,0.59,5.9
PG1341,473,0.48,4.8
PG1341,481,0.51,5.1
PG1341,489,0.52,5.2
PG1341,497,0.54,5.4
PG1341,505,0.54,5.4
PG1341,513,0.54,5.4
PG1341,529,0.63,6.3
PG1341,545,0.48,4.8
PG1341,561,0.34,3.4
PG1341,577,0.17,1.7
PG1341,593,0.14,1.4
PG1341,609,0.19,1.9
PG1341,625,0.15,1.5
PG1341,641,0.14,1.4
PG1341,657,0.12,1.2
PG1341,673,0.15,1.5
PG1341,689,0.14,1.4
PG1341,705,0.08,0.8
PG1341,715,0.15,1.5
PG1341,721,0.1,1
PG1341,729,0.08,0.8
PG1341,737,0.13,1.3
PG1341,745,0.09,0.9
PG1341,753,0.13,1.3
PG1341,761,0.09,0.9
PG1341,777,0.1,1
PG1341,793,0.09,0.9
PG1341,809,0.08,0.8
PG1341,825,0.08,0.8
PG1341,841,0.12,1.2
PG1341,857,0.08,0.8
PG1341,873,0.08,0.8
PG1341,889,0.1,1
PG1341,905,0.08,0.8
PG1341,921,0.08,0.8
PG1341,937,0.08,0.8
PG1341,953,0.08,0.8
PG1341,961,0.08,0.8
PG1341,969,0.08,0.8
PG1341,985,0.07,0.7
PG1341,993,0.07,0.7
PG1341,1001,0.09,0.9
PG1341,1009,0.05,0.5
PG1341,1025,0.07,0.7
PG1341,1043,0.07,0.7
PG1341,1059,0.06,0.6
PG1341,1073,0.07,0.7
PG1341,1089,0.04,0.4
PG1341,1105,0.06,0.6
PG1341,1121,0.08,0.8
PG1341,1137,0.08,0.8
PG1341,1153,0.07,0.7
PG1341,1169,0.06,0.6
PG1341,1185,0.09,0.9
PG1341,1201,0.07,0.7
PG1341,1211,0.07,0.7
PG1341,1217,0.07,0.7
PG1341,1227,0.08,0.8
PG1341,1233,0.08,0.8
PG1341,1243,0.06,0.6
PG1341,1249,0.07,0.7
PG1341,1259,0.07,0.7
PG1341,1275,0.08,0.8
PG1341,1291,0.07,0.7
PG1341,1307,0.09,0.9
PG1341,1323,0.05,0.5
PG1341,1339,0.07,0.7
PG1341,1355,0.07,0.7
PG1341,1369,0.07,0.7
PG1341,1387,0.07,0.7
PG1341,1405,0.07,0.7
PG1341,1419,0.07,0.7
PG1341,1435,0.06,0.6
PG1341,1451,0.09,0.9
PG1341,1461,0.12,1.2
PG1341,1467,0.05,0.5
PG1341,1477,0.07,0.7
PG1341,1483,0.08,0.8
PG1341,1493,0.08,0.8
PG1341,1499,0.04,0.4
PG1341,1511,0.06,0.6
PG1341,1525,0.07,0.7
PG1341,1543,0.07,0.7
PG1341,1557,0.08,0.8
PG1341,1573,0.07,0.7
PG1341,1589,0.07,0.7
PG1341,1605,0.07,0.7
PG1341,1621,0.06,0.6
PG1341,1637,0.07,0.7
PG1341,1653,0.08,0.8
PG1341,1669,0.06,0.6
PG1341,1685,0.04,0.4
PG1341,1701,0.05,0.5
PG1341,1711,0.16,1.6
PG1341,1717,0.08,0.8
PG1341,1727,0.05,0.5
PG1341,1733,0.08,0.8
PG1341,1743,0.07,0.7
PG1341,1749,0.07,0.7
PG1341,1759,0.05,0.5
PG1341,1775,0.09,0.9
PG1341,1791,0.09,0.9
PG1341,1807,0.09,0.9
PG1341,1823,0.07,0.7
PG1341,1839,0.08,0.8
PG1341,1855,0.09,0.9
PG1341,1883,0.06,0.6
PG1351,1,1.03,10.3
PG1351,3,0.93,9.3
PG1351,5,0.82,8.2
PG1351,7,0.73,7.3
PG1351,8,0.77,7.7
PG1351,10,0.69,6.9
PG1351,12,0.6,6
PG1351,14,0.51,5.1
PG1351,16,0.45,4.5
PG1351,18,0.39,3.9
PG1351,20,0.35,3.5
PG1351,22,0.25,2.5
PG1351,24,0.22,2.2
PG1351,26,0.35,3.5
PG1351,28,0.49,4.9
PG1351,30,0.6,6
PG1351,32,0.57,5.7
PG1351,34,0.42,4.2
PG1351,36,0.32,3.2
PG1351,38,0.28,2.8
PG1351,40,0.25,2.5
PG1351,42,0.25,2.5
PG1351,44,0.33,3.3
PG1351,46,0.37,3.7
PG1351,48,0.42,4.2
PG1351,50,0.37,3.7
PG1351,52,0.31,3.1
PG1351,54,0.34,3.4
PG1351,56,0.36,3.6
PG1351,57.5,0.34,3.4
PG1351,59,0.31,3.1
PG1351,61,0.31,3.1
PG1351,63,0.37,3.7
PG1351,65,0.34,3.4
PG1351,67,0.34,3.4
PG1351,69,0.29,2.9
PG1351,71,0.26,2.6
PG1351,73,0.26,2.6
PG1351,75,0.29,2.9
PG1351,77,0.31,3.1
PG1351,79,0.32,3.2
PG1351,81,0.41,4.1
PG1351,83,0.43,4.3
PG1351,87,0.36,3.6
PG1351,91,0.2,2
PG1351,95,0.26,2.6
PG1351,99,0.27,2.7
PG1351,103,0.34,3.4
PG1351,107,0.31,3.1
PG1351,111,0.57,5.7
PG1351,115,1.34,13.4
PG1351,119,1.82,18.2
PG1351,123,1.77,17.7
PG1351,127,1.25,12.5
PG1351,131,1.63,16.3
PG1351,135,2.1,21
PG1351,139,1.88,18.8
PG1351,143,2.2,22
PG1351,147,2.51,25.1
PG1351,151,1.94,19.4
PG1351,155,0.72,7.2
PG1351,159,0.57,5.7
PG1351,163,0.41,4.1
PG1351,167,0.35,3.5
PG1351,171,0.29,2.9
PG1351,175,0.35,3.5
PG1351,179,0.24,2.4
PG1351,183,0.3,3
PG1351,187,0.25,2.5
PG1351,191,0.29,2.9
PG1351,195,0.3,3
PG1351,199,0.34,3.4
PG1351,203,0.43,4.3
PG1351,207,0.39,3.9
PG1351,211,0.39,3.9
PG1351,215,0.36,3.6
PG1351,219,0.28,2.8
PG1351,223,0.24,2.4
PG1351,227,0.24,2.4
PG1351,231,0.26,2.6
PG1351,235,0.26,2.6
PG1351,239,0.19,1.9
PG1351,241,0.18,1.8
PG1351,245,0.22,2.2
PG1351,249,0.19,1.9
PG1351,253,0.23,2.3
PG1351,257,0.21,2.1
PG1351,261,0.25,2.5
PG1351,265,0.22,2.2
PG1351,269,0.27,2.7
PG1351,273,0.28,2.8
PG1351,277,0.31,3.1
PG1351,281,0.87,8.7
PG1351,285,0.8,8
PG1351,289,0.85,8.5
PG1351,293,1.06,10.6
PG1351,297,1,10
PG1351,301,1.03,10.3
PG1351,305,0.98,9.8
PG1351,309,1.08,10.8
PG1351,313,0.82,8.2
PG1351,317,0.96,9.6
PG1351,321,0.42,4.2
PG1351,325,1.91,19.1
PG1351,329,0.67,6.7
PG1351,333,1.32,13.2
PG1351,337,1.19,11.9
PG1351,341,0.39,3.9
PG1351,345,0.31,3.1
PG1351,349,0.27,2.7
PG1351,353,0.26,2.6
PG1351,357,0.22,2.2
PG1351,361,0.21,2.1
PG1351,365,0.22,2.2
PG1351,369,0.27,2.7
PG1351,373,0.3,3
PG1351,377,0.31,3.1
PG1351,381,0.25,2.5
PG1351,385,0.12,1.2
PG1351,389,0.08,0.8
PG1351,393,0.13,1.3
PG1351,397,0.26,2.6
PG1351,401,0.31,3.1
PG1351,405,0.38,3.8
PG1351,409,0.72,7.2
PG1351,413,0.34,3.4
PG1351,417,0.25,2.5
PG1351,421,0.22,2.2
PG1351,425,0.21,2.1
PG1351,429,0.17,1.7
PG1351,433,0.17,1.7
PG1351,437,0.18,1.8
PG1351,441,0.19,1.9
PG1351,445,0.18,1.8
PG1351,449,0.17,1.7
PG1351,453,0.18,1.8
PG1351,459,0.18,1.8
PG1351,472,0.34,3.4
PG1351,476,0.75,7.5
PG1351,480,1.07,10.7
PG1351,480.4,1.57,15.7
PG1351,488,1.72,17.2
PG1351,492,0.7,7
PG1351,496,0.45,4.5
PG1351,500,0.4,4
PG1351,504,0.37,3.7
PG1351,508,0.46,4.6
PG1351,512,0.39,3.9
PG1351,516,0.49,4.9
PG1351,520,0.65,6.5
PG1351,524,1,10
PG1351,528,1.03,10.3
PG1351,532,1.17,11.7
PG1351,536,0.94,9.4
PG1351,540,0.89,8.9
PG1351,544,0.89,8.9
PG1351,548,0.84,8.4
PG1351,552,0.85,8.5
PG1351,556,0.74,7.4
PG1351,560,0.73,7.3
PG1351,564,0.66,6.6
PG1351,568,0.52,5.2
PG1351,572,0.64,6.4
PG1351,576,0.61,6.1
PG1351,580,0.66,6.6
PG1351,584,0.68,6.8
PG1351,588,0.44,4.4
PG1351,592,0.32,3.2
PG1351,596,0.27,2.7
PG1351,600,0.26,2.6
PG1351,604,0.27,2.7
PG1351,608,0.24,2.4
PG1351,612,0.16,1.6
PG1351,616,0.21,2.1
PG1351,620,0.35,3.5
PG1351,624,0.47,4.7
PG1351,628,1.43,14.3
PG1351,632,1.66,16.6
PG1351,636,1.21,12.1
PG1351,640,1.33,13.3
PG1351,644,0.86,8.6
PG1351,648,1.29,12.9
PG1351,652,0.63,6.3
PG1351,656,0.5,5
PG1351,660,0.38,3.8
PG1351,664,0.33,3.3
PG1351,668,0.33,3.3
PG1351,672,0.33,3.3
PG1351,676,0.31,3.1
PG1351,694,0.98,9.8
PG1351,698,0.85,8.5
PG1351,702,0.86,8.6
PG1351,704,0.99,9.9
PG1351,708,0.52,5.2
PG1351,712,1.41,14.1
PG1351,716,1.56,15.6
PG1351,720,1.07,10.7
PG1351,724,0.64,6.4
PG1351,728,0.3,3
PG1351,732,0.25,2.5
PG1351,736,0.3,3
PG1351,740,0.21,2.1
PG1351,744,0.21,2.1
PG1351,748,0.19,1.9
PG1351,752,0.29,2.9
PG1351,756,0.35,3.5
PG1351,760,0.29,2.9
PG1351,764,0.22,2.2
PG1351,768,0.21,2.1
PG1351,772,0.2,2
PG1351,776,0.3,3
PG1351,780,0.26,2.6
PG1351,784,0.28,2.8
PG1351,788,0.31,3.1
PG1351,792,0.34,3.4
PG1351,796,0.32,3.2
PG1351,800,0.43,4.3
PG1351,804,0.55,5.5
PG1351,808,0.62,6.2
PG1351,812,0.63,6.3
PG1351,816,0.41,4.1
PG1351,820,0.32,3.2
PG1351,824,0.35,3.5
PG1351,828,0.31,3.1
PG1351,832,0.48,4.8
PG1351,836,0.53,5.3
PG1351,840,0.59,5.9
PG1351,844,0.57,5.7
PG1351,848,0.63,6.3
PG1351,852,0.72,7.2
PG1351,856,0.64,6.4
PG1351,860,0.66,6.6
PG1351,864,0.56,5.6
PG1351,868,0.68,6.8
PG1351,872,0.57,5.7
PG1351,876,0.74,7.4
PG1351,877.5,0.63,6.3
PG1351,894,0.74,7.4
PG1351,896,0.61,6.1
PG1351,897,1.01,10.1
PG1351,913,0.29,2.9
PG1351,917,0.2,2
PG1351,921,0.34,3.4
PG1351,925,0.3,3
PG1351,929,0.29,2.9
PG1351,933,0.38,3.8
PG1351,937,0.24,2.4
PG1351,941,0.2,2
PG1351,945,0.17,1.7
PG1351,949,0.18,1.8
PG1351,953,0.19,1.9
PG1351,957,0.2,2
PG1351,961,0.22,2.2
PG1351,965,0.23,2.3
PG1351,969,0.23,2.3
PG1351,973,0.18,1.8
PG1351,977,0.22,2.2
PG1351,981,0.24,2.4
PG1351,985,0.25,2.5
PG1351,989,0.27,2.7
PG1351,993,0.2,2
PG1351,997,0.27,2.7
PG1351,1001,0.45,4.5
PG1351,1005,0.25,2.5
PG1351,1009,0.19,1.9
PG1351,1013,0.23,2.3
PG1351,1017,0.16,1.6
PG1351,1021,0.15,1.5
PG1351,1025,0.16,1.6
PG1351,1029,0.21,2.1
PG1351,1033,0.29,2.9
PG1351,1037,0.25,2.5
PG1351,1041,0.22,2.2
PG1351,1045,0.2,2
PG1351,1049,0.22,2.2
PG1351,1053,0.17,1.7
PG1351,1057,0.37,3.7
PG1351,1061,0.28,2.8
PG1351,1065,0.24,2.4
PG1351,1069,0.18,1.8
PG1351,1073,0.25,2.5
PG1351,1077,0.26,2.6
PG1351,1079,0.3,3
PG1351,1083,0.56,5.6
PG1351,1085,0.59,5.9
PG1351,1089,0.55,5.5
PG1351,1093,0.5,5
PG1351,1097,0.55,5.5
PG1351,1101,0.45,4.5
PG1351,1105,0.48,4.8
PG1351,1108,0.56,5.6
PG1351,1112,0.66,6.6
PG1351,1116,0.85,8.5
PG1351,1120,0.71,7.1
PG1351,1124,0.7,7
PG1351,1128,0.74,7.4
PG1351,1132,0.69,6.9
PG1351,1136,0.68,6.8
PG1351,1140,0.68,6.8
PG1351,1144,0.79,7.9
PG1351,1148,0.82,8.2
PG1351,1152,1.66,16.6
PG1351,1156,0.43,4.3
PG1351,1160,0.3,3
PG1351,1164,0.26,2.6
PG1351,1168,0.22,2.2
PG1351,1172,0.23,2.3
PG1351,1176,0.39,3.9
PG1351,1180,0.28,2.8
PG1351,1184,0.22,2.2
PG1351,1188,0.16,1.6
PG1351,1192,0.16,1.6
PG1351,1196,0.15,1.5
PG1351,1200,0.19,1.9
PG1351,1204,0.25,2.5
PG1351,1208,0.23,2.3
PG1351,1212,0.37,3.7
PG1351,1216,0.26,2.6
PG1351,1220,0.23,2.3
PG1351,1224,0.23,2.3
PG1351,1228,0.2,2
PG1351,1232,0.17,1.7
PG1351,1236,0.23,2.3
PG1351,1240,0.18,1.8
PG1351,1244,0.2,2
PG1351,1248,0.21,2.1
PG1351,1252,0.22,2.2
PG1351,1256,0.3,3
PG1351,1260,0.32,3.2
PG1351,1264,0.19,1.9
PG1351,1268,0.5,5
PG1351,1284,0.59,5.9
PG1351,1286,0.58,5.8
PG1351,1288,0.85,8.5
PG1351,1290,1.03,10.3
PG1437,1,2.1622,21.622
PG1437,5,2.652,26.52
PG1437,9,1.64355,16.4355
PG1437,13,2.05595,20.5595
PG1437,17,1.7613,17.613
PG1437,21,2.297,22.97
PG1437,25,2.7142,27.142
PG1437,29,2.9629,29.629
PG1437,33,2.2434,22.434
PG1437,37,2.02505,20.2505
PG1437,41,2.4166,24.166
PG1437,45,2.49675,24.9675
PG1437,49,2.25445,22.5445
PG1437,53,1.59765,15.9765
PG1437,57,2.3156,23.156
PG1437,61,2.38965,23.8965
PG1437,65,2.29515,22.9515
PG1437,69,1.5595,15.595
PG1437,73,1.92615,19.2615
PG1437,77,2.18165,21.8165
PG1437,81,1.53385,15.3385
PG1437,85,1.99445,19.9445
PG1437,89,2.48445,24.8445
PG1437,93,0.99645,9.9645
PG1437,97,2.3003,23.003
PG1437,101,1.8092,18.092
PG1437,105,2.03635,20.3635
PG1437,109,2.46875,24.6875
PG1437,113,2.3744,23.744
PG1437,117,2.19885,21.9885
PG1437,121,1.5974,15.974
PG1437,125,2.0736,20.736
PG1437,129,1.30685,13.0685
PG1437,133,1.1594,11.594
PG1437,137,1.38275,13.8275
PG1437,141,2.0084,20.084
PG1437,145,2.12395,21.2395
PG1437,149,1.73485,17.3485
PG1437,153,1.5216,15.216
PG1437,157,1.22265,12.2265
PG1437,161,1.67065,16.7065
PG1437,165,1.9127,19.127
PG1437,169,1.4951,14.951
PG1437,173,1.65015,16.5015
PG1437,177,1.711,17.11
PG1437,181,1.5749,15.749
PG1437,185,1.7353,17.353
PG1437,189,2.0466,20.466
PG1437,193,1.7056,17.056
PG1437,197,1.36035,13.6035
PG1437,199,1.47195,14.7195
PG1437,205,1.74555,17.4555
PG1437,209,1.9433,19.433
PG1437,213,1.65705,16.5705
PG1437,217,2.54885,25.4885
PG1437,221,2.5295,25.295
PG1437,225,2.45705,24.5705
PG1437,229,2.51365,25.1365
PG1437,233,2.57251,25.7251
PG1437,237,1.51385,15.1385
PG1437,241,1.13875,11.3875
PG1437,245,1.66135,16.6135
PG1437,249,1.7973,17.973
PG1437,253,2.4202,24.202
PG1437,257,2.5571,25.571
PG1437,261,2.3406,23.406
PG1437,265,2.8536,28.536
PG1437,269,2.6354,26.354
PG1437,273,2.6535,26.535
PG1437,277,2.51105,25.1105
PG1437,281,2.88795,28.8795
PG1437,285,2.7631,27.631
PG1437,289,2.6963,26.963
PG1437,293,2.99615,29.9615
PG1437,297,3.1776,31.776
PG1437,301,3.1777,31.777
PG1437,305,2.81935,28.1935
PG1437,309,2.18065,21.8065
PG1437,313,4.49265,44.9265
PG1437,317,3.6162,36.162
PG1437,321,2.6609,26.609
PG1437,325,1.9044,19.044
PG1437,329,4.09245,40.9245
PG1437,333,3.62135,36.2135
PG1437,337,3.6911,36.911
PG1437,341,3.5932,35.932
PG1437,345,3.9026,39.026
PG1437,349,3.53745,35.3745
PG1437,353,2.9865,29.865
PG1437,357,4.80345,48.0345
PG1437,361,4.47585,44.7585
PG1437,365,3.82325,38.2325
PG1437,369,4.05885,40.5885
PG1437,373,4.0281,40.281
PG1437,377,4.00015,40.0015
PG1437,381,3.6771,36.771
PG1437,385,3.7018,37.018
PG1437,389,3.5486,35.486
PG1437,393,3.04195,30.4195
PG1437,397,2.3067,23.067
PG1437,401,3.6586,36.586
PG1437,405,3.93705,39.3705
PG1437,409,4.5954,45.954
PG1437,413,4.5227,45.227
PG1437,417,4.61875,46.1875
PG1437,421,3.6821,36.821
PG1437,425,4.28085,42.8085
PG1437,429,4.02805,40.2805
PG1437,433,3.84095,38.4095
PG1437,437,3.843,38.43
PG1437,441,3.85275,38.5275
PG1437,445,4.2077,42.077
PG1437,449,4.22905,42.2905
PG1437,453,4.4426,44.426
PG1437,457,3.90635,39.0635
PG1437,461,3.3163,33.163
PG1437,463,2.8315,28.315
PG1437,465,4.22595,42.2595
PG1437,469,4.14835,41.4835
PG1437,471,1.64645,16.4645
PG1437,473,3.9002,39.002
PG1437,477,3.9867,39.867
PG1437,479,1.65215,16.5215
PG1437,481,4.1511,41.511
PG1437,485,3.52255,35.2255
PG1437,487,1.91595,19.1595
PG1437,489,3.62545,36.2545
PG1437,493,3.07015,30.7015
PG1437,495,3.39075,33.9075
PG1437,497,3.0378,30.378
PG1437,499,2.97355,29.7355
PG1437,501,2.7508,27.508
PG1437,503,2.90325,29.0325
PG1437,507,2.4667,24.667
PG1437,511,3.7294,37.294
PG1437,515,4.68915,46.8915
PG1437,519,4.14265,41.4265
PG1437,523,3.7423,37.423
PG1437,527,3.5294,35.294
PG1437,531,3.61475,36.1475
PG1437,535,3.60805,36.0805
PG1437,539,4.10795,41.0795
PG1437,543,4.34635,43.4635
PG1437,547,3.8482,38.482
PG1437,551,3.67235,36.7235
PG1437,555,3.6472,36.472
PG1437,559,3.9067,39.067
PG1437,563,3.82475,38.2475
PG1437,567,3.89315,38.9315
PG1437,571,3.19475,31.9475
PG1437,575,3.52585,35.2585
PG1437,579,3.4062,34.062
PG1437,583,3.73685,37.3685
PG1437,587,3.03705,30.3705
PG1437,591,3.3013,33.013
PG1437,595,2.5602,25.602
PG1437,599,3.05425,30.5425
PG1437,603,2.9903,29.903
PG1437,608,2.9477,29.477
PG1437,611,3.0548,30.548
PG1437,615,3.08605,30.8605
PG1437,619,2.6468,26.468
PG1437,623,3.62005,36.2005
PG1437,627,3.375,33.75
PG1437,631,3.3355,33.355
PG1437,635,2.80555,28.0555
PG1437,639,3.86155,38.6155
PG1437,643,2.6266,26.266
PG1437,647,2.1282,21.282
PG1437,651,1.4266,14.266
PG1437,655,1.39825,13.9825
PG1437,659,1.2222,12.222
PG1437,663,1.19535,11.9535
PG1437,667,0.9459,9.459
PG1437,671,1.0463,10.463
PG1437,675,0.8384,8.384
PG1437,679,0.8389,8.389
PG1437,683,0,0
PG1437,687,0.7195,7.195
PG1437,695,0.47935,4.7935
PG1437,699,0.3219,3.219
PG1437,703,0.35985,3.5985
PG1437,707,0.37705,3.7705
PG1437,711,0.4197,4.197
PG1437,715,0.4502,4.502
PG1437,719,0.4066,4.066
PG1437,731,0.36385,3.6385
PG1437,751,0.5646,5.646
PG1437,771,0.39415,3.9415
PG1437,791,0.37155,3.7155
PG1437,811,0.59645,5.9645
PG1437,831,0.47555,4.7555
PG1437,851,0.44715,4.4715
PG1437,871,0.37205,3.7205
PG1437,891,0.3463,3.463
PG1437,911,0.35535,3.5535
PG1437,931,0.35305,3.5305
PG1437,951,0.38825,3.8825
PG1437,971,0.40565,4.0565
PG1437,971,0.46465,4.6465
PG1437,991,0.4905,4.905
PG1437,991,0.3914,3.914
PG1437,1011,0.5634,5.634
PG1437,1031,2.6813,26.813
PG1437,1051,0.36795,3.6795
PG1437,1071,0.4144,4.144
PG1437,1091,0.3514,3.514
PG1437,1111,0.39145,3.9145
PG1437,1131,0.38905,3.8905
PG1437,1151,0.38465,3.8465
PG1437,1171,0.2814,2.814
PG1437,1178,0.24945,2.4945
PG1746,0,43.55,435.5
PG1746,10,43.225,432.25
PG1746,15,44.075,440.75
PG1746,20,43.87,438.7
PG1746,25,43.975,439.75
PG1746,30,44.845,448.45
PG1746,35,45.09,450.9
PG1746,40,45.605,456.05
PG1746,45,45.475,454.75
PG1746,50,45.58,455.8
PG1746,55,46.345,463.45
PG1746,60,47.385,473.85
PG1746,65,48.21,482.1
PG1746,70,47.575,475.75
PG1746,73,48.61,486.1
PG1746,75,47.725,477.25
PG1746,80,48.945,489.45
PG1746,85,48.15,481.5
PG1746,90,47.36,473.6
PG1746,95,45.195,451.95
PG1746,100,44.57,445.7
PG1746,105,44.93,449.3
PG1746,110,45.255,452.55
PG1746,115,48.245,482.45
PG1746,120,47.075,470.75
PG1746,125,46.09,460.9
PG1746,130,45.16,451.6
PG1746,135,43.465,434.65
PG1746,140,41.605,416.05
PG1746,145,41.995,419.95
PG1746,150,40.475,404.75
PG1746,155,40.48,404.8
PG1746,160,39.49,394.9
PG1746,165,37.5,375
PG1746,170,35.235,352.35
PG1746,175,35.6605,356.605
PG1746,180,35.625,356.25
PG1746,185,35.01,350.1
PG1746,190,35.835,358.35
PG1746,195,37.645,376.45
PG1746,200,38.545,385.45
PG1746,205,37.545,375.45
PG1746,210,31.8,318
PG1746,215,36.025,360.25
PG1746,220,35.26,352.6
PG1746,225,34.95,349.5
PG1746,230,35.565,355.65
PG1746,235,37.14,371.4
PG1746,240,33.91,339.1
PG1746,245,32.71,327.1
PG1746,250,30.33,303.3
PG1746,255,30.205,302.05
PG1746,260,31.45,314.5
PG1746,265,34.465,344.65
PG1746,270,33.305,333.05
PG1746,275,35.32,353.2
PG1746,280,36.905,369.05
PG1746,285,34.615,346.15
PG1746,290,32.675,326.75
PG1746,295,34.39,343.9
PG1746,300,32.9,329
PG1746,303,29.035,290.35
PG1746,305,28.41,284.1
PG1746,310,24.225,242.25
PG1746,315,21.445,214.45
PG1746,320,18.38,183.8
PG1746,325,17.225,172.25
PG1746,328,17.915,179.15
PG1746,330,16.715,167.15
PG1746,335,13.99,139.9
PG1746,340,12.29,122.9
PG1746,345,13.46,134.6
PG1746,349,14.43,144.3
PG1746,351,13.475,134.75
PG1746,353,11.88,118.8
PG1746,355,7.8695,78.695
PG1746,360,2.7395,27.395
PG1746,365,2.4965,24.965
PG1746,370,2.108,21.08
PG1746,375,2.7665,27.665
PG1856,202,1.46309906244277,14.6309906244277
PG1856,209,1.98558557033538,19.8558557033538
PG1856,219,1.97002154588699,19.7002154588699
PG1856,227,2.05699002742767,20.5699002742767
PG1856,239,2.00103533267974,20.0103533267974
PG1856,249,2.0230050086975,20.230050086975
PG1856,259,2.13395226001739,21.3395226001739
PG1856,269,2.03061532974243,20.3061532974243
PG1856,279,1.70861399173736,17.0861399173736
PG1856,289,1.6421713232994,16.421713232994
PG1856,299,2.39276719093322,23.9276719093322
PG1856,309,2.37930822372436,23.7930822372436
PG1856,319,2.36491227149963,23.6491227149963
PG1856,329,2.90308701992034,29.0308701992034
PG1856,339,2.18040740489959,21.8040740489959
PG1856,349,1.82811123132705,18.2811123132705
PG1856,359,2.19088160991668,21.9088160991668
PG1856,369,2.15501749515533,21.5501749515533
PG1856,379,2.21540284156799,22.1540284156799
PG1856,389,2.18188548088073,21.8188548088073
PG1856,399,2.55999267101287,25.5999267101287
PG1856,409,2.55366361141204,25.5366361141204
PG1856,419,2.19628262519836,21.9628262519836
PG1856,429,2.17594420909881,21.7594420909881
PG1857,3,2.10269594192504,21.0269594192504
PG1857,9,1.9376060962677,19.376060962677
PG1857,19,1.93985229730606,19.3985229730606
PG1857,29,1.70934641361236,17.0934641361236
PG1857,39,1.6874976158142,16.874976158142
PG1857,49,1.24913054704666,12.4913054704666
PG1857,58,1.27056032419204,12.7056032419204
PG1857,69,1.58942633867263,15.8942633867263
PG1857,79,1.61070472002029,16.1070472002029
PG1857,89,1.57370364665985,15.7370364665985
PG1857,99,1.79638761281967,17.9638761281967
PG1857,109,1.538,15.38
PG1857,119,1.56403976678848,15.6403976678848
PG1857,129,1.71104311943054,17.1104311943054
PG1857,139,1.58958840370178,15.8958840370178
PG1857,149,1.72572672367095,17.2572672367095
PG1857,158,1.73965138196945,17.3965138196945
PG1857,170,1.78510516881942,17.8510516881942
PG1857,174,1.66243988275527,16.6243988275527
PG1857,184,1.4459154009819,14.459154009819
PG1857,194,1.07991814613342,10.7991814613342
PG1857,204,2.01348793506622,20.1348793506622
PG1857,214,2.19215929508209,21.9215929508209
PG1857,224,1.98076492547988,19.8076492547988
PG1857,226,2.04657292366027,20.4657292366027
PG1857,234,1.99440032243728,19.9440032243728
PG1857,244,1.78519386053085,17.8519386053085
PG1857,254,1.07076770067214,10.7076770067214
PG1857,264,1.82226949930191,18.2226949930191
PG1857,274,1.04174274206161,10.4174274206161
PG1857,284,1.80910241603851,18.0910241603851
PG1857,294,1.73346370458602,17.3346370458602
PG1857,305,1.99633836746215,19.9633836746215
PG1857,314,1.73,17.3
PG1858,0.5,11.1677346229553,111.677346229553
PG1858,5.5,10.2530083656311,102.530083656311
PG1858,10.5,11.5873651504516,115.873651504516
PG1858,15.5,10.7127437591552,107.127437591552
PG1858,20.5,9.68565034866333,96.8565034866333
PG1858,21.5,10.3514518737792,103.514518737792
PG1858,23.5,8.70880460739135,87.0880460739135
PG1858,25.5,8.38955783843994,83.8955783843994
PG1858,31.5,11.0655131340026,110.655131340026
PG1858,33.5,9.61306238174438,96.1306238174438
PG1858,35.5,5.72306847572326,57.2306847572326
PG1858,40.5,6.56838488578796,65.6838488578796
PG1858,42.5,4.79668354988098,47.9668354988098
PG1858,44.5,9.86870622634887,98.6870622634887
PG1858,46.5,13.3163313865661,133.163313865661
PG1858,48.5,13.9128956794738,139.128956794738
PG1858,50.5,12.307828426361,123.07828426361
PG1858,52.5,10.6569037437438,106.569037437438
PG1858,58.5,10.4882116317749,104.882116317749
PG1858,60.5,6.71228456497192,67.1228456497192
PG1858,63.5,9.37989664077758,93.7989664077758
PG1858,65.5,4.02572131156921,40.2572131156921
PG1858,67.5,3.13513553142547,31.3513553142547
PG1858,69.5,6.29857897758483,62.9857897758483
PG1858,74.5,9.95832824707031,99.5832824707031
PG1858,77.5,15.3815360069274,153.815360069274
PG1858,79.5,12.9685955047607,129.685955047607
PG1858,81.5,9.70183944702148,97.0183944702148
PG1858,83.5,6.92039227485656,69.2039227485656
PG1858,86.5,21.3872604370117,213.872604370117
PG1858,88.5,17.8426141738891,178.426141738891
PG1858,90.5,18.9511747360229,189.511747360229
PG1858,92.5,17.7456045150756,177.456045150756
PG1858,94.5,9.54994201660156,95.4994201660156
PG1858,96.5,5.26501083374023,52.6501083374023
PG1858,98.5,2.74720895290374,27.4720895290374
PG1858,99.5,2.21918809413909,22.1918809413909
PG1890,6.5,5.61714458465576,56.1714458465576
PG1890,7.5,5.18172526359558,51.8172526359558
PG1890,8.5,4.07461977005004,40.7461977005004
PG1890,9.5,2.71772766113281,27.1772766113281
PG1890,10.5,3.16460788249969,31.6460788249969
PG1890,11.5,3.08442687988281,30.8442687988281
PG1890,12.5,3.01447570323944,30.1447570323944
PG1890,13.5,3.43824851512908,34.3824851512908
PG1890,14.5,2.9457471370697,29.457471370697
PG1890,15.5,3.16599476337432,31.6599476337432
PG1890,16.5,3.29464137554168,32.9464137554168
PG1890,17.5,2.93983256816864,29.3983256816864
PG1890,18.5,2.68884825706481,26.8884825706481
PG1890,19.5,3.56305217742919,35.6305217742919
PG1890,20.5,4.50632143020629,45.0632143020629
PG1890,21.5,4.38686347007751,43.8686347007751
PG1890,22.5,3.98247325420379,39.8247325420379
PG1890,23.5,2.75646305084228,27.5646305084228
PG1890,24.5,2.86802911758422,28.6802911758422
PG1890,25.5,2.96871364116668,29.6871364116668
PG1890,26.5,3.00862622261047,30.0862622261047
PG1890,27.5,3.02127814292907,30.2127814292907
PG1890,28.5,4.38875985145568,43.8875985145568
PG1890,29.5,3.44971454143524,34.4971454143524
PG1890,30.5,4.41490817070007,44.1490817070007
PG1890,31.5,1.84275364875793,18.4275364875793
PG1890,32.5,2.22808194160461,22.2808194160461
PG1890,33.5,2.73872435092926,27.3872435092926
PG1890,34.5,2.92602956295013,29.2602956295013
PG1890,35.5,2.61162853240966,26.1162853240966
PG1890,36.5,2.18540549278259,21.8540549278259
PG1890,37.5,2.35074400901794,23.5074400901794
PG1890,38.5,1.9290058016777,19.290058016777
PG1890,39.5,2.56889331340789,25.6889331340789
PG1890,43.5,1.20998722314834,12.0998722314834
PG1890,44.5,1.79018372297286,17.9018372297286
PG1890,45.5,2.32132852077484,23.2132852077484
PG1890,46.5,1.51357388496398,15.1357388496398
PG1890,47.5,0.780499786138534,7.80499786138534
PG1890,48.5,0.294755876064301,2.947558760643
PG1890,51.5,0.83988606929779,8.3988606929779
PG1890,52.5,1.5717921257019,15.717921257019
PG1890,53.5,1.62448281049728,16.2448281049728
PG1890,54.5,1.36046159267425,13.6046159267425
PG1890,55.5,1.35742986202239,13.5742986202239
PG1890,61.5,1.25737595558166,12.5737595558166
PG1890,62.5,1.78004586696624,17.8004586696624
PG1890,63.5,1.86231583356857,18.6231583356857
PG1890,64.5,2.08577263355255,20.8577263355255
PG1890,65.5,1.99916619062423,19.9916619062423
PG1890,66.5,1.91795867681503,19.1795867681503
PG1890,67.5,1.10373735427856,11.0373735427856
PG1890,68.5,1.07894456386566,10.7894456386566
PG1890,69.5,0.837637364864349,8.37637364864349
PG1890,70.5,1.49755305051803,14.9755305051803
PG1890,71.5,1.35024207830429,13.5024207830429
PG1890,74.5,1.52559298276901,15.2559298276901
PG1890,75.5,2.0012023448944,20.012023448944
PG1890,76.5,2.17991304397583,21.7991304397583
PG1890,77.5,1.67187011241912,16.7187011241912
PG1890,78.5,0.747425764799118,7.47425764799118
PG1890,79.5,2.62269556522369,26.2269556522369
PG1890,80.5,3.02854633331298,30.2854633331298
PG1890,81.5,2.92507779598236,29.2507779598236
PG1890,82.5,2.80164849758148,28.0164849758148
PG1890,83.5,2.66114175319671,26.6114175319671
PG1890,84.5,3.45624840259552,34.5624840259552
PG1890,85.5,3.41992473602294,34.1992473602294
PG1890,86.5,3.99355638027191,39.9355638027191
PG1890,87.5,3.08658528327941,30.8658528327941
PG1890,88.5,2.03292822837829,20.3292822837829
PG1890,89.5,1.45327866077423,14.5327866077423
PG1890,90.5,1.43193942308425,14.3193942308425
PG1890,91.5,1.57641607522964,15.7641607522964
PG1890,92.5,1.68314552307128,16.8314552307128
PG2023,0.5,11.9231896400451,119.231896400451
PG2023,2.5,12.1992468833923,121.992468833923
PG2023,4.5,12.7307586669921,127.307586669921
PG2023,6.5,12.3433609008789,123.433609008789
PG2023,8.5,12.9347343444824,129.347343444824
PG2023,10.5,12.2956852912902,122.956852912902
PG2023,12.5,11.261088848114,112.61088848114
PG2023,14.5,11.0374054908752,110.374054908752
PG2023,16.5,11.6757450103759,116.757450103759
PG2023,18.5,11.4835286140441,114.835286140441
PG2023,20.5,10.5087871551513,105.087871551513
PG2023,25.5,11.0883350372314,110.883350372314
PG2023,30.5,11.1425671577453,111.425671577453
PG2023,35.5,10.5843482017517,105.843482017517
PG2023,40.5,10.6202039718627,106.202039718627
PG2023,45.5,11.9787783622741,119.787783622741
PG2023,50.5,13.3703002929687,133.703002929687
PG2023,55.5,13.175175666809,131.75175666809
PG2023,60.5,12.5880937576293,125.880937576293
PG2023,65.5,13.1500687599182,131.500687599182
PG2023,80.5,13.983130455017,139.83130455017
PG2023,85.5,10.5486903190612,105.486903190612
PG2023,90.5,8.7997760772705,87.997760772705
PG2023,95.5,8.22239303588867,82.2239303588867
PG2023,100.5,6.34843182563781,63.4843182563781
PG2023,105.5,6.46246075630187,64.6246075630187
PG2023,110.5,7.19048285484313,71.9048285484313
PG2023,115.5,7.74226570129394,77.4226570129394
PG2023,120.5,7.93857145309448,79.3857145309448
PG2023,125.5,7.94393754005432,79.4393754005432
PG2023,130.5,8.42601108551025,84.2601108551025
PG2023,135.5,8.61618280410766,86.1618280410766
PG2023,140.5,6.43691062927246,64.3691062927246
PG2023,145.5,9.55676221847534,95.5676221847534
PG2023,150.5,8.57725524902343,85.7725524902343
PG2023,155.5,9.8874773979187,98.874773979187
PG2023,160.5,10.6287274360656,106.287274360656
PG2023,165.5,10.2747654914855,102.747654914855
PG2023,170.5,9.54047203063964,95.4047203063964
PG2023,175.5,8.76817274093627,87.6817274093627
PG2023,180.5,9.44716644287109,94.4716644287109
PG2023,185.5,9.96791839599609,99.6791839599609
PG2023,190.5,9.68542289733886,96.8542289733886
PG2023,195.5,10.4008083343505,104.008083343505
PG2023,200.5,10.4110579490661,104.110579490661
PG2023,205.5,10.5455660820007,105.455660820007
PG2023,210.5,10.4260187149047,104.260187149047
PG2023,215.5,10.0986380577087,100.986380577087
PG2023,220.5,10.5932302474975,105.932302474975
PG2023,225.5,10.6076197624206,106.076197624206
PG2023,230.5,10.5245327949523,105.245327949523
PG2023,235.5,11.0109915733337,110.109915733337
PG2023,240.5,11.3099474906921,113.099474906921
PG2023,245.5,10.9190163612365,109.190163612365
PG2023,250.5,10.3335623741149,103.335623741149
PG2023,255.5,10.05180311203,100.5180311203
PG2023,260.5,9.03622770309448,90.3622770309448
PG2023,265.5,8.90786981582641,89.0786981582641
PG2023,270.5,8.65319013595581,86.5319013595581
PG2023,275.5,9.14005470275878,91.4005470275878
PG2023,280.5,10.287793636322,102.87793636322
PG2023,285.5,10.7183184623718,107.183184623718
PG2023,290.5,11.5292401313781,115.292401313781
PG2023,295.5,10.416341304779,104.16341304779
PG2023,300.5,10.0923585891723,100.923585891723
PG2023,305.5,9.44274854660034,94.4274854660034
PG2023,310.5,10.3575654029846,103.575654029846
PG2023,315.5,10.8716158866882,108.716158866882
PG2023,320.5,11.7865796089172,117.865796089172
PG2023,325.5,12.5103282928466,125.103282928466
PG2023,330.5,12.9223494529724,129.223494529724
PG2023,335.5,10.2323269844055,102.323269844055
PG2023,340.5,13.0001988410949,130.001988410949
PG2023,345.5,11.9767069816589,119.767069816589
PG2023,350.5,12.0234756469726,120.234756469726
PG2023,355.5,12.6568441390991,126.568441390991
PG2023,360.5,12.8642563819885,128.642563819885
PG2023,365.5,12.3954524993896,123.954524993896
PG2023,370.5,12.1269154548645,121.269154548645
PG2023,375.5,12.2993569374084,122.993569374084
PG2023,380.5,12.0459146499633,120.459146499633
PG2023,385.5,13.0197224617004,130.197224617004
PG2023,390.5,12.9492149353027,129.492149353027
PG2023,400.5,12.3719305992126,123.719305992126
PG2023,405.5,12.499665737152,124.99665737152
PG2023,410.5,11.3438835144042,113.438835144042
PG2023,415.5,11.4387044906616,114.387044906616
PG2023,420.5,11.556704044342,115.56704044342
PG2023,425.5,9.92518615722656,99.2518615722656
PG2023,430.5,12.4809250831604,124.809250831604
PG2023,435.5,13.1663036346435,131.663036346435
PG2023,440.5,8.87071800231933,88.7071800231933
PG2023,445.5,6.79899835586547,67.9899835586547
PG2023,450.5,4.04044246673583,40.4044246673583
PG2023,455.5,5.15435719490051,51.5435719490051
PG2023,460.5,5.66815876960754,56.6815876960754
PG2023,465.5,4.52346897125244,45.2346897125244
PG2023,470.5,3.19554448127746,31.9554448127746
PG2023,475.5,1.75137859582901,17.5137859582901
PG2023,480.5,0.648954182863235,6.48954182863235
PG2023,485.5,1.19521617889404,11.9521617889404
PG2023,490.5,1.26779603958129,12.6779603958129
PG2023,495.5,1.28491306304931,12.8491306304931
PG2023,500.5,1.07970297336578,10.7970297336578
PG2023,525.5,0.697571069002151,6.97571069002151
PG2023,550.5,1.30450230836868,13.0450230836868
PG2023,575.5,1.14259147644042,11.4259147644042
PG2023,600.5,0.680692791938781,6.80692791938781
PG2023,625.5,0.630904823541641,6.30904823541641
PG2023,650.5,0.963757872581481,9.63757872581481
PG2023,675.5,0.771577090024948,7.71577090024948
PG2023,700.5,0.40514113008976,4.05141130089759
PG2023,710,0.516922771930694,5.16922771930694
Tel2006,0.5,1.79585938697318,17.9585938697318
Tel2006,1.75,1.17965203125,11.7965203125
Tel2006,2.25,1.22846506603125,12.2846506603125
Tel2006,2.75,0.988064170040486,9.88064170040486
Tel2006,3.25,0.96587591522158,9.6587591522158
Tel2006,3.75,0.896644136807818,8.96644136807818
Tel2006,4.25,1.09323472222222,10.9323472222222
Tel2006,4.75,0.983260454545455,9.83260454545455
Tel2006,5.25,0.751666962699822,7.51666962699822
Tel2006,5.75,0.664408450704225,6.64408450704225
Tel2006,6.25,0.945691995934563,9.45691995934564
Tel2006,6.75,0.920720758483034,9.20720758483034
Tel2006,7.75,0.893371470165527,8.93371470165527
Tel2006,8.25,1.01728323529412,10.1728323529412
Tel2006,8.75,1.23527626168224,12.3527626168224
Tel2006,9.25,1.02684271685761,10.2684271685761
Tel2006,9.75,1.02325024311183,10.2325024311183
Tel2006,10.75,1.03040782873136,10.3040782873136
Tel2006,11.25,0.93635243902439,9.3635243902439
Tel2006,12.25,0.85309875,8.5309875
Tel2006,12.75,0.756627586206897,7.56627586206897
Tel2006,13.25,0.690923709677419,6.90923709677419
Tel2006,13.75,0.705463014988072,7.05463014988072
Tel2006,14.25,1.13814145543228,11.3814145543228
Tel2006,14.75,0.86063875502008,8.6063875502008
Tel2006,15.75,1.22771063829787,12.2771063829787
Tel2006,16.25,0.861309274873524,8.61309274873524
Tel2006,16.75,0.811375184138835,8.11375184138836
Tel2006,17.75,1.24833333333333,12.4833333333333
Tel2006,18.25,1.37266323232323,13.7266323232323
Tel2006,18.75,0.941301136363637,9.41301136363636
Tel2006,19.75,0.985081481481482,9.85081481481482
Tel2006,20.25,1.12870478107986,11.2870478107986
Tel2006,21.75,0.709109135399674,7.09109135399674
Tel2006,22.25,0.8624,8.624
Tel2006,22.75,0.785390311418685,7.85390311418685
Tel2006,23.75,0.684200308641975,6.84200308641975
Tel2006,24.75,0.808029423182067,8.08029423182067
Tel2006,25.75,0.85254112754159,8.5254112754159
Tel2006,26.75,1.12983522012579,11.2983522012579
Tel2006,27.75,0.976783355525966,9.76783355525966
Tel2006,28.25,0.816241420118344,8.16241420118344
Tel2006,28.75,0.934605593979045,9.34605593979045
Tel2006,29.25,0.93359329529244,9.3359329529244
Tel2006,29.75,0.879649281045752,8.79649281045752
Tel2006,30.75,0.832240070175439,8.32240070175439
Tel2006,31.25,0.784331081081081,7.84331081081081
Tel2006,31.75,0.782726442012351,7.82726442012351
Tel2006,32.75,0.755207922272048,7.55207922272048
Tel2006,33.25,0.669314790996785,6.69314790996785
Tel2006,33.75,0.682379373368146,6.82379373368146
Tel2006,34.25,0.710198882681564,7.10198882681564
Tel2006,34.75,0.744650709298871,7.44650709298871
Tel2006,35.75,0.6118,6.118
Tel2006,36.75,0.530166197183099,5.30166197183099
Tel2006,37.25,0.564806125827815,5.64806125827815
Tel2006,37.75,0.543112694560967,5.43112694560967
Tel2006,38.75,1.02713505527087,10.2713505527087
Tel2006,39.75,0.865961032216641,8.65961032216641
Tel2006,40.75,0.91858308195451,9.1858308195451
Tel2006,41.25,0.920706754966888,9.20706754966888
Tel2006,41.75,0.955908781558727,9.55908781558727
Tel2006,42.25,0.957458779576588,9.57458779576588
Tel2006,42.75,0.912666856848961,9.12666856848961
Tel2006,43.25,0.81017119205298,8.1017119205298
Tel2006,43.75,0.767452848484849,7.67452848484849
Tel2006,44.25,0.758011851851852,7.58011851851852
Tel2006,44.75,0.807334200743494,8.07334200743495
Tel2006,45.25,0.680890404624277,6.80890404624277
Tel2006,46.25,0.760759151515152,7.60759151515152
Tel2006,46.75,0.955705559130892,9.55705559130892
Tel2006,47.25,0.857905139664805,8.57905139664805
Tel2006,47.75,0.915138636363636,9.15138636363636
Tel2006,48.25,0.902155856966708,9.02155856966708
Tel2006,48.75,0.757711797133407,7.57711797133407
Tel2006,49.25,0.789168973747017,7.89168973747017
Tel2006,49.75,0.859444108108108,8.59444108108108
Tel2006,50.25,0.914296716224871,9.14296716224871
Tel2006,51.25,0.949919610231425,9.49919610231425
Tel2006,51.75,0.876555555555556,8.76555555555556
Tel2006,52.25,0.9799265,9.799265
Tel2006,53.25,0.893223648648649,8.93223648648649
Tel2006,53.75,0.783426235380117,7.83426235380117
Tel2006,54.25,0.82922546875,8.2922546875
Tel2006,54.75,0.864450740740741,8.64450740740741
Tel2006,55.25,0.834167833333333,8.34167833333333
Tel2006,55.75,0.72234320754717,7.2234320754717
Tel2006,56.75,0.792178545454545,7.92178545454545
Tel2006,57.25,0.741435961538461,7.41435961538461
Tel2006,57.75,0.792911355932204,7.92911355932203
Tel2006,58.25,0.895580795454546,8.95580795454546
Tel2006,58.75,0.900872903225806,9.00872903225806
Tel2006,59.25,0.802048333333334,8.02048333333334
Tel2006,60.25,1.02187203125,10.2187203125
Tel2006,61.25,0.841691052631579,8.41691052631579
Tel2006,61.75,0.750832444444445,7.50832444444445
Tel2006,62.25,0.826569589041096,8.26569589041096
Tel2006,62.75,0.919532512743281,9.19532512743281
Tel2006,63.25,0.80017,8.0017
Tel2006,63.75,0.900444102564103,9.00444102564103
Tel2006,64.25,0.967058630136986,9.67058630136986
Tel2006,64.75,0.871546666666667,8.71546666666667
Tel2006,65.25,0.856362903030303,8.56362903030303
Tel2006,66.25,0.719743181818182,7.19743181818182
Tel2006,66.75,0.758736176470588,7.58736176470588
Tel2006,67.25,0.865270823529412,8.65270823529412
Tel2006,67.75,0.73036328358209,7.3036328358209
Tel2006,68.25,0.846502222222222,8.46502222222222
Tel2006,68.75,0.778923278688525,7.78923278688525
Tel2006,69.25,0.873237166666667,8.73237166666667
Tel2006,69.75,1.0354614806867,10.354614806867
Tel2006,70.25,1.01102603351955,10.1102603351955
Tel2006,71.25,0.935697133757962,9.35697133757962
Tel2006,71.75,0.8954015,8.954015
Tel2006,72.25,0.7748125,7.748125
Tel2006,72.75,0.821339324324325,8.21339324324325
Tel2006,73.25,0.888930527802724,8.88930527802724
Tel2006,73.75,0.941863760683761,9.41863760683761
Tel2006,74.25,0.871669836065574,8.71669836065574
Tel2006,74.75,0.918248863636364,9.18248863636364
Tel2006,75.25,0.951688888888889,9.51688888888889
Tel2006,76.25,0.76146,7.6146
Tel2006,76.75,0.7611275,7.611275
Tel2006,77.25,0.695568542713568,6.95568542713568
Tel2006,77.75,0.749186666666667,7.49186666666667
Tel2006,78.25,0.71969515625,7.1969515625
Tel2006,78.75,0.97184176369863,9.7184176369863
Tel2006,79.25,0.762291920251836,7.62291920251836
Tel2006,79.75,0.760635555555556,7.60635555555556
Tel2006,80.75,0.790027,7.90027
Tel2006,81.25,0.817629740932643,8.17629740932643
Tel2006,81.75,0.70368298245614,7.0368298245614
Tel2006,82.25,0.831521090909091,8.31521090909091
Tel2006,82.75,0.987252,9.87252
Tel2006,83.25,0.933390243902439,9.33390243902439
Tel2006,83.75,0.876439069767442,8.76439069767442
Tel2006,84.25,0.904465254237288,9.04465254237288
Tel2006,84.75,1.10144148732311,11.0144148732311
Tel2006,85.25,1.06883225806452,10.6883225806452
Tel2006,86.25,1.0496878,10.496878
Tel2006,86.75,1.02792492537313,10.2792492537313
Tel2006,87.25,1.05894577736704,10.5894577736704
Tel2006,87.75,0.99799875,9.9799875
Tel2006,88.25,0.736250597014925,7.36250597014925
Tel2006,88.75,0.680298181818182,6.80298181818182
Tel2006,89.25,1.02548205128205,10.2548205128205
Tel2006,89.75,0.638831052631579,6.38831052631579
Tel2006,90.75,0.95127697368421,9.5127697368421
Tel2006,91.25,1.07562748091603,10.7562748091603
Tel2006,91.75,0.806115452182952,8.06115452182952
Tel2006,92.25,0.876114431818182,8.76114431818182
Tel2006,92.75,1.01530925373134,10.1530925373134
Tel2006,93.25,0.947447682119205,9.47447682119205
Tel2006,93.75,0.653333333333333,6.53333333333333
Tel2006,94.25,0.858433773584906,8.58433773584906
Tel2006,94.75,1.03181184615385,10.3181184615385
Tel2006,95.25,1.09497595628415,10.9497595628415
Tel2006,95.75,0.963460567823344,9.63460567823344
Tel2006,96.25,0.980750158931977,9.80750158931977
Tel2006,96.75,0.917605923488276,9.17605923488276
Tel2006,97.25,0.804357318321392,8.04357318321392
Tel2006,97.75,0.730035182209095,7.30035182209095
Tel2006,98.25,0.491731219600072,4.91731219600072
Tel2006,98.75,0.62877324606912,6.2877324606912
Tel2006,99.25,0.799655907738225,7.99655907738225
Tel2006,99.75,0.74021168704713,7.4021168704713
Tel2006,100.25,0.907132373799041,9.07132373799041
Tel2006,101.25,0.827250939457203,8.27250939457203
Tel2006,101.75,0.873014985014985,8.73014985014985
Tel2006,102.25,1.05916083916084,10.5916083916084
Tel2006,102.75,1.29068265068265,12.9068265068265
Tel2006,103.25,1.27787850162866,12.7787850162866
Tel2006,103.75,1.30463100118273,13.0463100118273
Tel2006,104.25,1.21953897282391,12.1953897282391
Tel2006,104.75,1.29121019825245,12.9121019825245
Tel2006,105.25,1.34816492693111,13.4816492693111
Tel2006,105.75,1.08394105894106,10.8394105894106
Tel2006,106.25,1.07982479059402,10.7982479059402
Tel2006,106.75,0.796430236430236,7.96430236430236
Tel2006,107.25,0.827602829268293,8.27602829268293
Tel2006,107.75,0.88991008991009,8.8991008991009
Tel2006,108.25,0.737579880437023,7.37579880437023
Tel2006,108.75,0.945254745254745,9.45254745254745
Tel2006,109.75,1.03546474745414,10.3546474745414
Tel2006,110.75,1.05611807547291,10.5611807547291
Tel2006,111.75,0.738401221420089,7.38401221420089
Tel2006,112.25,0.905441926494558,9.05441926494558
Tel2006,112.75,0.854609676038248,8.54609676038248
Tel2006,113.25,1.19570797481637,11.9570797481637
Tel2006,113.75,0.760444206955835,7.60444206955835
Tel2006,114.25,0.894474275724276,8.94474275724276
Tel2006,114.75,1.06285190219616,10.6285190219616
Tel2006,115.25,0.986281354051055,9.86281354051055
Tel2006,115.75,1.04219248143161,10.4219248143161
Tel2006,116.25,0.970293903627237,9.70293903627237
Tel2006,116.75,0.921814549087276,9.21814549087276
Tel2006,117.25,1.03626996838778,10.3626996838778
Tel2006,117.75,0.999461762727069,9.99461762727069
Tel2006,118.25,1.05945022719216,10.5945022719216
Tel2006,118.75,0.869711110807001,8.69711110807001
Tel2006,119.75,0.920579420579421,9.20579420579421
Tel2006,120.25,0.949375898826448,9.49375898826448
Tel2006,121.75,0.991669005152151,9.91669005152151
Tel2006,122.25,0.906305228729116,9.06305228729116
Tel2006,122.75,0.782829291920201,7.82829291920201
Tel2006,123.75,0.966576280861995,9.66576280861995
Tel2006,124.25,0.994322344322344,9.94322344322344
Tel2006,124.75,1.03760366617509,10.3760366617509
Tel2006,125.75,1.00844988344988,10.0844988344988
Tel2006,126.25,0.968289774741388,9.68289774741388
Tel2006,126.75,0.789692234411633,7.89692234411633
Tel2006,127.75,0.707159507159507,7.07159507159507
Tel2006,128.25,0.690368455074338,6.90368455074338
Tel2006,128.75,0.668964491842721,6.68964491842721
Tel2006,129.75,0.780129344339871,7.80129344339871
Tel2006,130.25,0.907987012987013,9.07987012987013
Tel2006,130.75,0.699206248297157,6.99206248297157
Tel2006,131.75,0.879944746611413,8.79944746611413
Tel2006,132.25,0.898379542535387,8.98379542535387
Tel2006,132.75,0.892007992007992,8.92007992007992
Tel2006,133.75,0.784229723764607,7.84229723764607
Tel2006,134.25,0.783779600681009,7.83779600681009
Tel2006,134.75,0.841108891108891,8.41108891108891
Tel2006,135.75,0.873105273105273,8.73105273105273
Tel2006,136.25,0.63400206351026,6.3400206351026
Tel2006,136.75,0.693495393495393,6.93495393495393
Tel2006,137.75,0.766017157445729,7.66017157445729
Tel2006,138.25,0.721664775902064,7.21664775902064
Tel2006,138.75,0.764509775938347,7.64509775938347
Tel2006,139.75,0.510475887748615,5.10475887748615
Tel2006,140.25,0.455729636217441,4.55729636217441
Tel2006,140.75,0.577094334237191,5.77094334237191
Tel2006,141.75,0.850449550449551,8.50449550449551
Tel2006,142.25,0.789837748458438,7.89837748458438
Tel2006,142.75,0.78485235694538,7.84852356945381
Tel2006,143.75,0.893934268971088,8.93934268971088
Tel2006,144.25,1.05103532830806,10.5103532830806
Tel2006,144.75,0.74015714015714,7.4015714015714
Tel2006,145.75,0.628548263330872,6.28548263330872
Tel2006,146.25,0.554011644920736,5.54011644920736
Tel2006,146.75,0.890031919300212,8.90031919300212
Tel2006,147.75,0.789932794478249,7.89932794478249
Tel2006,148.25,0.899481987991305,8.99481987991305
Tel2006,148.75,0.647441919782345,6.47441919782345
Tel2006,149.75,0.630594021363252,6.30594021363252
Tel2006,150.25,0.661084370175279,6.61084370175279
Tel2006,150.75,0.606807277229812,6.06807277229812
Tel2006,151.75,1.01867732267732,10.1867732267732
Tel2006,152.25,0.486979686979687,4.86979686979687
Tel2006,152.75,0.456503496503497,4.56503496503497
Tel2006,153.75,0.395310363019801,3.95310363019801
Tel2006,154.25,0.434919466498414,4.34919466498414
Tel2006,154.75,1.09089606046128,10.9089606046128
Tel2006,155.75,1.12087024087024,11.2087024087024
Tel2006,156.25,1.2112800243235,12.112800243235
Tel2006,156.75,1.18288770053476,11.8288770053476
Tel2006,157.75,0.946665275023484,9.46665275023484
Tel2006,158.25,0.85986790986791,8.5986790986791
Tel2006,158.75,0.898929195804196,8.98929195804196
Tel2006,159.75,0.942649269921997,9.42649269921997
Tel2006,160.25,0.724330215239306,7.24330215239306
Tel2006,161.75,0.718498892411936,7.18498892411936
Tel2006,162.25,0.723453761428445,7.23453761428445
PG2208,0.25,3.91545820236206,39.1545820236206
PG2208,0.75,7.62798047065734,76.2798047065734
PG2208,1.25,8.21624374389648,82.1624374389648
PG2208,1.75,8.26773023605346,82.6773023605346
PG2208,2.25,8.6937870979309,86.937870979309
PG2208,2.75,8.72233533859252,87.2233533859252
PG2208,3.25,7.99155020713806,79.9155020713806
PG2208,3.75,7.88951468467712,78.8951468467712
PG2208,4.25,9.01471042633056,90.1471042633056
PG2208,4.75,8.45556545257568,84.5556545257568
PG2208,5.25,7.67257618904113,76.7257618904113
PG2208,5.75,7.54789233207702,75.4789233207702
PG2208,6.25,7.56086659431457,75.6086659431457
PG2208,6.75,7.33530807495117,73.3530807495117
PG2208,7.25,6.85397815704345,68.5397815704345
PG2208,7.75,6.78401446342468,67.8401446342468
PG2208,8.25,6.91908073425292,69.1908073425292
PG2208,8.75,7.98430085182189,79.8430085182189
PG2208,9.75,7.33645868301391,73.3645868301391
PG2208,10.75,7.26673698425292,72.6673698425292
PG2208,11.75,8.11817693710327,81.1817693710327
PG2208,12.75,7.19745421409606,71.9745421409606
PG2208,13.75,8.27284526824951,82.7284526824951
PG2208,14.75,7.42835783958435,74.2835783958435
PG2208,15.75,5.68013334274291,56.8013334274291
PG2208,16.75,7.17053508758544,71.7053508758544
PG2208,17.75,6.4766788482666,64.766788482666
PG2208,18.75,6.78051900863647,67.8051900863647
PG2208,19.75,6.74898529052734,67.4898529052734
PG2208,20.75,7.06580710411071,70.6580710411071
PG2208,21.75,7.12681221961975,71.2681221961975
PG2208,22.75,7.25582408905029,72.5582408905029
PG2208,23.75,6.99256753921508,69.9256753921508
PG2208,24.75,6.99022197723388,69.9022197723388
PG2208,25.75,6.42058873176574,64.2058873176574
PG2208,26.75,6.69105267524719,66.9105267524719
PG2208,27.75,6.65130853652954,66.5130853652954
PG2208,28.75,7.41623044013977,74.1623044013977
PG2208,29.75,7.0935800075531,70.935800075531
PG2208,30.75,7.47702264785766,74.7702264785766
PG2208,31.75,7.77295446395874,77.7295446395874
PG2208,32.75,7.73782467842102,77.3782467842102
PG2208,33.75,7.68230414390563,76.8230414390563
PG2208,34.75,7.12212085723876,71.2212085723876
PG2208,35.75,6.96428751945495,69.6428751945495
PG2208,36.75,7.12784337997436,71.2784337997436
PG2208,37.75,7.25589156150817,72.5589156150817
PG2208,38.75,7.60303378105163,76.0303378105163
PG2208,39.75,6.35167813301086,63.5167813301086
PG2208,40.75,6.43728947639465,64.3728947639465
PG2208,41.75,6.85757374763488,68.5757374763488
PG2208,42.75,6.48296809196472,64.8296809196472
PG2208,43.75,6.87049651145935,68.7049651145935
PG2208,44.75,7.03922963142395,70.3922963142395
PG2208,45.75,7.38510537147521,73.8510537147521
PG2208,46.75,7.14417815208435,71.4417815208435
PG2208,47.75,7.28536462783813,72.8536462783813
PG2208,48.75,7.346,73.46
PG2208,50.5,5.96716475486755,59.6716475486755
PG2208,52.5,6.95497846603393,69.5497846603393
PG2208,54.5,6.95573353767395,69.5573353767395
PG2208,56.5,7.55354666709899,75.5354666709899
PG2208,58.5,7.44507765769958,74.4507765769958
PG2208,60.5,7.63607382774353,76.3607382774353
PG2208,62.5,7.31289982795715,73.1289982795715
PG2208,64.5,8.07746767997741,80.7746767997741
PG2208,66.5,6.45657038688659,64.5657038688659
PG2208,68.5,7.93876218795776,79.3876218795776
PG2208,70.5,7.99891972541809,79.9891972541809
PG2208,72.5,7.43138575553894,74.3138575553894
PG2208,76.5,7.64422726631164,76.4422726631164
PG2208,78.5,7.40486097335815,74.0486097335815
PG2208,80.5,6.893639087677,68.93639087677
PG2208,82.5,7.48597335815429,74.8597335815429
PG2208,86.5,7.67910099029541,76.7910099029541
PG2208,88.5,6.90671205520629,69.0671205520629
PG2208,90.5,7.20179939270019,72.0179939270019
PG2208,92.5,7.2139344215393,72.139344215393
PG2208,96.5,6.68003845214843,66.8003845214843
PG2208,98.5,7.24673533439636,72.4673533439636
PG2208,100.5,6.58637809753417,65.8637809753417
PG2208,102.5,6.36658143997192,63.6658143997192
PG2208,104.5,6.02382016181945,60.2382016181945
PG2208,106.5,5.38317799568176,53.8317799568176
PG2208,108.5,6.19771790504455,61.9771790504455
PG2208,110.5,6.79349374771118,67.9349374771118
PG2208,112.5,6.77893495559692,67.7893495559692
PG2208,114.5,7.07676410675048,70.7676410675048
PG2208,116.5,5.61622142791748,56.1622142791748
PG2208,118.5,6.9933066368103,69.933066368103
PG2208,120.5,7.50380253791809,75.0380253791809
PG2208,122.5,8.27436971664428,82.7436971664428
PG2208,124.5,7.34031057357788,73.4031057357788
PG2208,128.5,7.7671513557434,77.671513557434
PG2208,130.5,6.44672322273254,64.4672322273254
PG2208,132.5,5.42664003372192,54.2664003372192
PG2208,134.5,7.08235645294189,70.8235645294189
PG2208,138.5,7.10870194435119,71.0870194435119
PG2208,140.5,6.86616444587707,68.6616444587707
PG2208,142.5,6.72779750823974,67.2779750823974
PG2208,144.5,6.71236181259155,67.1236181259155
PG2208,146.5,6.425053358078,64.25053358078
PG2208,148.5,7.04258871078491,70.4258871078491
PG2208,150.5,6.7769169807434,67.769169807434
PG2208,152.5,7.26970720291137,72.6970720291137
PG2208,154.5,7.23103809356689,72.3103809356689
PG2208,158.5,7.29032611846923,72.9032611846923
PG2208,160.5,7.18051362037658,71.8051362037658
PG2208,162.5,7.31884431838989,73.1884431838989
PG2208,164.5,7.5713951587677,75.713951587677
PG2208,168.5,7.3123116493225,73.123116493225
PG2208,170.5,6.97002482414245,69.7002482414245
PG2208,172.5,6.34172129631042,63.4172129631042
PG2208,174.5,6.29068446159362,62.9068446159362
PG2208,176.5,6.54757261276245,65.4757261276245
PG2208,178.5,6.81878781318664,68.1878781318664
PG2208,180.5,6.43200993537902,64.3200993537902
PG2208,182.5,7.0685908794403,70.685908794403
PG2208,184.5,6.2306580543518,62.306580543518
PG2208,188.5,7.53649282455444,75.3649282455444
PG2208,190.5,6.72915148735046,67.2915148735046
PG2208,192.5,6.37147426605224,63.7147426605224
PG2208,194.5,6.76128363609313,67.6128363609313
PG2208,198.5,6.96237349510192,69.6237349510192
PG2208,200.5,7.28229808807373,72.8229808807373
PG2208,204.5,5.77024221420288,57.7024221420288
PG2208,206.5,5.81345391273498,58.1345391273498
PG2208,208.5,6.10220146179199,61.0220146179199
PG2208,210.5,5.73630380630493,57.3630380630493
PG2208,212.5,5.70797896385192,57.0797896385192
PG2208,214.5,5.00816369056701,50.0816369056701
PG2208,218.5,5.84086990356445,58.4086990356445
PG2208,220.5,4.98274874687194,49.8274874687194
PG2208,222.5,5.38724064826965,53.8724064826965
PG2208,224.5,5.26147198677062,52.6147198677062
PG2208,226.5,6.21808338165283,62.1808338165283
PG2208,230.5,5.36188602447509,53.6188602447509
PG2208,232.5,5.01658844947814,50.1658844947814
PG2208,234.5,5.56569623947143,55.6569623947143
PG2208,236.5,5.17979073524475,51.7979073524475
PG2208,240.5,5.28906154632568,52.8906154632568
PG2208,242.5,5.56660485267639,55.6660485267639
PG2208,244.5,5.23250126838684,52.3250126838684
PG2208,248.5,4.80864286422729,48.0864286422729
PG2208,250.5,5.17061614990234,51.7061614990234
PG2208,252.5,5.12605357170104,51.2605357170104
PG2208,254.5,4.9514000415802,49.514000415802
PG2208,256.5,4.91325068473815,49.1325068473815
PG2208,260.5,5.62318086624145,56.2318086624145
PG2208,262.5,5.13976001739501,51.3976001739501
PG2208,264.5,5.47576713562011,54.7576713562011
PG2208,266.5,5.18860220909118,51.8860220909118
PG2208,270.5,3.40347552299499,34.0347552299499
PG2208,272.5,4.76364850997924,47.6364850997924
PG2208,274.5,3.32417428493499,33.2417428493499
PG2208,276.5,3.71909892559051,37.1909892559051
PG2208,278.5,4.16058778762817,41.6058778762817
PG2208,280.5,2.54041361808776,25.4041361808776
PG2208,282.5,3.0073173046112,30.073173046112
PG2208,284.5,3.07490742206573,30.7490742206573
PG2208,286.5,2.74345624446868,27.4345624446868
PG2208,291.5,1.2446504831314,12.446504831314
PG2208,294.5,0.879817992448806,8.79817992448806
PG2208,297.5,0.843,8.43
PG2208,300.5,0.88,8.8
PG2208,303.5,0.727,7.27
PG2208,306.5,1.338,13.38
PG2208,309.5,0.321,3.21
PG2208,318.5,1.168,11.68
PG2208,324.5,0.68807891011238,6.8807891011238
PG2208,333.5,0.12616004794836,1.2616004794836
PG2208,342.5,0.705,7.05
